num,Name,RA,DEC,pmra,pmdec,V mag,R mag,I mag,otype,spt
1,30Psc,00:01:57.6194,-06:00:50.654,0.003129400000000001,-0.040471,4.41,2.85,1.44,Candidate_LP*,M3III
2,VWCet,00:02:07.3899,-14:40:33.032,0.0004332000000000001,-0.0071330000000000005,14.46,9.14,5.38,S*,S5.5-7/1.5-3e
3,2Cet,00:03:44.3878,-17:20:09.571,0.0016780000000000005,-0.00916,4.536,,4.58,Star,B9IVn
4,33Psc,00:05:20.1419,-05:42:27.427,-0.000436,0.08785,4.61,3.83,3.29,RSCVn,K0III-IV
5,HD225213,00:05:24.4284,-37:21:26.507,0.3755625333333334,-2.334721,8.562,7.589,6.432,Eruptive*,M2V
6,HD203,00:06:50.0863,-23:06:27.145,0.006464600000000001,-0.047251,6.173,,5.74,PM*,F3V
7,epsPhe,00:09:24.6400,-45:44:50.726,0.0080262,-0.179597,3.87,3.11,2.59,PM*,K0III
8,7Cet,00:14:38.4165,-18:55:58.314,-0.0017433333333333335,-0.07358,4.46,3.06,1.92,Candidate_LP*,M1III
9,iotCet,00:19:25.6741,-08:49:26.111,-0.0010100000000000003,-0.03711,3.55,2.7,2.11,Star,K1+IIICN0.5
10,VBDCet,00:22:46.3329,-09:13:51.076,0.00023140000000000004,-0.045491000000000004,7.978,,6.77,RSCVn,K1IIIe+F
11,HD2025,00:24:25.9332,-27:01:36.380,0.04438366666666667,0.083964,7.916,7.365,6.894,PM*,K3V
12,kapPhe,00:26:12.2013,-43:40:47.390,0.007092933333333334,0.032491,3.94,3.78,3.7,PM*,A5IVn
13,etaScl,00:27:55.6978,-33:00:25.797,-0.0013380000000000002,-0.049425,4.81,3.22,1.84,LPV*,M2/3III
14,HD2830,00:31:40.7507,-01:47:37.196,0.0012229333333333336,-0.013409,7.07,,6.99,Star,A1/2V
15,mu.Phe,00:41:19.5522,-46:05:06.018,-0.00188,0.0018000000000000002,4.59,3.84,3.32,Star,G8III
16,betCet,00:43:35.3709,-17:59:11.782,0.015503333333333338,0.03199,2.01,1.29,0.78,PM*,G9.5IIICH-1
17,HD4378,00:45:48.2871,-41:54:33.096,0.02038466666666667,-0.07558,7.881,7.115,6.466,**,K5/M0V
18,HD4747,00:49:26.7604,-23:12:44.868,0.034603266666666674,0.124041,7.155,6.732,6.344,SB*,G8/K0V
19,HD4915,00:51:10.8478,-05:02:21.401,0.017459000000000006,-0.11904300000000001,6.972,6.604,6.252,PM*,G5V
20,20Cet,00:53:00.4945,-01:08:39.331,0.00046600000000000005,-0.01566,4.76,3.55,2.64,Star,K5III
21,HD5133,00:53:01.1348,-30:21:24.891,0.04134953333333335,0.03177,7.171,6.639,6.179,PM*,K2.5Vk:
22,alfScl,00:58:36.3593,-29:21:26.824,0.001342,0.00531,4.27,4.3,4.43,RotV*,B7IIIp
23,betPhe,01:06:05.0395,-46:43:06.278,-0.005387333333333334,0.03497,3.3,2.59,2.08,**,G8III
24,VAWScl,01:06:26.5793,-35:39:38.395,0.0045912,-0.01764,6.61,6.54,6.48,RotV*alf2CVn,A1V
25,etaCet,01:08:35.3914,-10:10:56.156,0.014374000000000003,-0.13902,3.45,2.61,2.03,HB*,K2-IIIb
26,nu.Phe,01:15:11.1214,-45:31:53.992,0.04433906666666668,0.17807,4.96,4.47,4.11,PM*,F9VFe+0.4
27,HD8487,01:23:34.9318,-24:21:09.952,-0.0013006666666666668,0.004200000000000001,6.65,,6.39,**,A9V
28,tetCet,01:24:01.4052,-08:10:59.721,-0.005196,-0.20653000000000002,3.59,2.83,2.26,HB*,K0IIIb
29,VRScl,01:26:58.0939,-32:32:35.439,-0.0006141333333333334,-0.030813,5.72,3.69,2.3,C*,C-N5+
30,HD9411,01:32:07.6150,-23:38:54.487,0.0008484666666666668,-0.090988,7.24,,6.902,EB*,A8/9IV/V
31,HD9540,01:33:15.8091,-24:10:40.654,0.018172400000000002,-0.158673,6.963,6.548,6.176,PM*,K0V
32,49Cet,01:34:37.7786,-15:40:34.898,0.0062900666666666685,-0.00313,5.607,,5.54,PM*,A1V
33,HD9770,01:35:01.0078,-29:54:37.342,0.011237666666666668,0.11944199999999999,7.096,6.551,6.035,**,K1V
34,VEXCet,01:37:35.4667,-06:45:37.529,0.011453200000000002,-0.098145,7.656,7.218,6.817,BYDra,K0/1V
35,tauCet,01:44:04.0831,-15:56:14.927,-0.11478186666666669,0.854963,3.5,2.88,2.41,PM*,G8V
36,VEZCet,01:49:23.3488,-10:42:13.083,-0.010656400000000002,-0.07066599999999999,6.754,6.392,6.04,BYDra,G3V
37,chiCet,01:49:35.1027,-10:41:11.070,-0.009857800000000002,-0.09348000000000001,4.68,4.38,4.22,PM*,F0V
38,zetCet,01:51:27.6313,-10:20:06.111,0.002650133333333334,-0.040956000000000006,3.72,2.92,2.37,SB*,K0.5III
39,psiPhe,01:53:38.7410,-46:18:09.604,-0.006210666666666668,-0.09117,4.41,2.68,1.17,LPV*,M4III
40,upsCet,02:00:00.3091,-21:04:40.194,0.008994666666666668,-0.02459,4.02,2.76,1.72,PM*,M0III
41,chiPhe,02:01:42.3763,-44:42:48.626,-0.0020944666666666673,-0.047826,5.14,3.92,3.03,PM*,K5IV
42,nu.For,02:04:29.4386,-29:17:48.547,0.0008526666666666667,0.008480000000000001,4.69,4.73,4.87,RotV*alf2CVn,B9.5IIIspSi
43,HD13397,02:09:38.1923,-48:35:56.734,0.0037885333333333338,0.005203,7.74,,6.764,PM*,K0III
44,mu.For,02:12:54.4699,-30:43:25.773,0.0009616666666666669,0.0066159999999999995,5.26,,5.26,Star,A0V
45,HD14001,02:15:46.1433,-18:14:17.362,-0.002659333333333334,-0.11624,7.94,7.343,6.831,**,K4V+K4V
46,kapFor,02:22:32.5904,-23:49:00.479,0.0108214,0.005038,5.198,,4.51,PM*,G0V
47,HD15144,02:26:00.3479,-15:20:28.495,-0.003047733333333334,-0.055170000000000004,5.83,5.71,5.67,RotV*alf2CVn,A3VpSrCrEu
48,kapEri,02:26:59.1217,-47:42:13.824,0.001288,-0.00554,4.25,4.28,4.41,Star,B7IV
49,phiFor,02:28:01.7031,-33:48:39.742,0.0012506000000000001,0.005426,5.123,,5.03,Star,A2.5V
50,sigCet,02:32:05.2288,-15:14:40.827,-0.005347333333333334,-0.14629,4.75,4.34,4.07,**,F5V
51,VCCEri,02:34:22.5661,-43:47:46.869,0.0038344000000000004,-0.293474,8.865,7.926,6.992,BYDra,K7V
52,tau01Eri,02:45:06.1988,-18:34:21.442,0.021237866666666667,0.048171,4.46,4.03,3.76,PM*,F7V
53,betFor,02:49:05.4189,-32:24:21.232,0.005734866666666667,0.159404,4.46,3.7,3.16,RGB*,G9IIIb
54,tau02Eri,02:51:02.3218,-21:00:14.465,-0.002568000000000001,-0.016050000000000002,4.77,4.07,3.6,PM*,K0III
55,HD17925,02:52:32.1281,-12:46:10.968,0.026490200000000005,-0.189281,6.05,5.34,4.89,RSCVn,K1V
56,VRHor,02:53:52.7701,-49:53:22.730,0.008571133333333337,0.035766,3.92,4.99,1.51,Mira,M5-7e
57,HD18252,02:54:49.5549,-33:31:29.489,0.0008762,0.012816000000000001,6.88,,6.61,Star,A3mA5-F0
58,etaEri,02:56:25.6494,-08:53:53.322,0.005157333333333334,-0.22016,3.87,3.08,2.5,PM*,K1+IIIb
59,HD18455,02:57:14.7116,-24:58:10.252,0.002046666666666667,-0.040049999999999995,7.331,7.91,6.424,**,K2V
60,HD18557,02:58:47.3017,-09:46:35.398,-0.0006580000000000001,-0.015775,6.15,5.96,5.85,Star,A2II/III
61,tau03Eri,03:02:23.4993,-23:37:28.098,-0.009856733333333334,-0.055251,4.09,3.96,3.87,PM*,A3IV-V
62,VELEri,03:10:38.5116,-05:23:38.019,0.002693600000000001,0.009827,8.19,,6.746,RSCVn,K0III
63,alfFor,03:12:04.5273,-28:59:15.433,0.02472466666666667,0.61133,3.85,3.39,3.08,**,F6V+G7V
64,HD20232,03:13:50.1585,-38:48:33.807,-0.0024921333333333337,-0.044652000000000004,6.88,,6.69,PM*,A2/3III/IV
65,HD20407,03:15:06.3902,-45:39:53.360,-0.0087916,0.142099,6.756,6.426,6.103,PM*,G5VFe-1.2CH-1
66,zetEri,03:15:50.0256,-08:49:11.036,-0.0001866666666666667,0.046883,4.8,4.59,4.47,SB*,kA4hA9mA9V
67,HD20619,03:19:01.8943,-02:50:35.493,0.016915666666666673,-0.100736,7.039,6.691,6.343,PM*,G1.5V
68,tau04Eri,03:19:31.0022,-21:45:28.304,0.0034593333333333342,0.032920000000000005,3.7,2.12,0.66,LPV*,M3III-IIIaCa-1
69,eEri,03:19:55.6509,-43:04:11.215,0.20233446666666668,0.726964,4.27,3.65,3.25,PM*,G6V
70,HD21175,03:23:35.2554,-40:04:34.964,0.004265666666666668,0.035175,6.903,6.439,5.986,PM*,K0V
71,HD21197,03:24:59.7306,-05:21:49.518,-0.015392200000000003,-0.768479,7.841,7.162,6.607,PM*,K4V
72,HD21531,03:27:52.4060,-19:48:16.140,0.035785333333333336,0.30339,8.367,7.548,6.818,SB*,K5V
73,HD21997,03:31:53.6470,-25:36:50.940,0.003599866666666667,-0.014942,6.372,,6.25,PM*,A3IV/V
74,epsEri,03:32:55.8444,-09:27:29.739,-0.06498386666666668,0.020876000000000002,3.73,3.0,2.54,BYDra,K2V
75,HD22705,03:36:53.4019,-49:57:28.871,0.0060277333333333336,0.001866,7.62,,6.96,**,G2V
76,yEri,03:37:05.6780,-40:16:28.777,-0.0008354666666666668,-0.009929,4.58,3.74,3.17,Star,K1III
77,HD22879,03:40:22.0652,-03:13:01.124,0.046053000000000004,-0.21344300000000002,6.667,6.346,6.016,Pec*,G0VmF2
78,delEri,03:43:14.9005,-09:45:48.210,-0.006242266666666668,0.74436,3.54,2.82,2.32,Star,K0+IV
79,HD23281,03:43:33.8338,-10:29:08.365,-0.0005052,-0.018737,5.61,5.4,5.3,Star,A5III-IV
80,HD23356,03:43:55.3428,-19:06:39.233,0.020673133333333336,0.15718500000000002,7.081,6.555,6.098,PM*,K2V
81,HD23484,03:44:09.1729,-38:16:54.372,0.0139372,0.28931599999999996,6.996,6.516,6.09,PM*,K2V
82,pi.Eri,03:46:08.5352,-12:06:05.718,0.0037416666666666674,0.059445000000000005,4.42,3.08,2.03,Candidate_LP*,M1III
83,gEri,03:49:27.2452,-36:12:00.904,-0.003278666666666667,-0.05701,4.17,3.46,2.96,PM*,G7III
84,HD24649,03:53:27.2164,-41:13:21.739,0.0018681333333333335,0.066979,7.22,,6.62,PM*,F6V
85,32Eri,03:54:17.5018,-02:57:17.043,0.0017333333333333337,-0.00023,4.45,3.86,3.46,**,G8III+A1V
86,HD24966,03:56:29.3766,-38:57:43.805,0.0020178,0.000301,6.89,,6.85,Star,A0V
87,HD24916,03:57:28.6990,-01:09:34.070,-0.0123808,-0.142905,8.014,7.336,6.724,Eruptive*,K4V
88,gamEri,03:58:01.7669,-13:30:30.669,0.004104666666666667,-0.11311,2.94,1.68,0.68,Candidate_LP*,M0III-IIIb
89,tau09Eri,03:59:55.4837,-24:00:58.377,0.0007857333333333335,0.016739999999999998,4.66,4.64,4.77,RotV*alf2CVn,ApSi
90,HD26575,04:10:45.8710,-35:16:25.636,-0.001346866666666667,-0.026232,6.44,5.61,5.05,Star,K0IIICN-0.5CH-2
91,delHor,04:10:50.5892,-41:59:36.853,0.013272000000000004,0.07018,4.93,4.58,4.37,**,F2IV/V
92,VGWEri,04:11:36.2037,-20:21:22.156,0.003026800000000001,0.050954,5.8,5.64,5.59,EB*,A1V+(F/G)
93,alfHor,04:14:00.1142,-42:17:39.726,0.002799466666666667,-0.203157,3.86,3.0,2.41,PM*,K2III
94,39Eri,04:14:23.6878,-10:15:22.620,-0.0005364666666666667,-0.162274,4.9,4.01,3.44,PM*,K2III
95,omi02Eri,04:15:16.3196,-07:39:10.330,-0.14933900000000003,-3.421809,4.43,3.74,3.29,Eruptive*,K0V
96,ups04Eri,04:17:53.6624,-33:47:54.056,0.004168000000000001,-0.007240000000000001,3.56,3.57,3.68,SB*,B9V
97,43Eri,04:24:02.2063,-34:01:00.658,0.0045048000000000015,0.048489,3.96,2.79,1.96,PM*,K3.5III
98,228Eri,04:29:06.9254,-13:02:54.127,4.293333333333334e-05,-0.0007940000000000001,5.41,5.46,5.63,Be*,B2(V)ne
99,ups01Eri,04:33:30.5522,-29:45:59.370,-0.007649333333333333,-0.27205900000000005,4.51,3.76,3.22,PM*,K0+IIIbFe-0.5
100,ups02Eri,04:35:33.0383,-30:33:44.429,-0.0032846666666666675,-0.01272,3.82,3.07,2.58,PM*,G8+III
101,lEri,04:38:10.8240,-14:18:14.483,-0.005335733333333334,-0.154416,3.87,3.03,2.47,**,K2-IIIb
102,HD29556,04:38:28.8198,-19:38:27.063,-0.0005390000000000001,-0.002263,7.14,,6.84,Star,A9IV
103,54Eri,04:40:26.5114,-19:40:17.370,0.0016416666666666667,-0.09360800000000001,4.3,2.81,1.4,LPV*,M3/4III
104,alfCae,04:40:33.7130,-41:51:49.507,-0.009359333333333334,-0.07482,4.45,4.11,3.9,PM*,F2V
105,56Eri,04:44:05.3207,-08:30:12.852,0.0002911333333333334,0.0018640000000000002,5.81,5.72,5.74,Be*,B2(V)nne
106,HD30876,04:49:52.3318,-35:06:27.469,-0.0017332000000000005,-0.11400700000000001,7.495,6.992,6.548,PM*,K2V
107,HD31274,04:52:02.0066,-46:51:08.783,-0.00022393333333333335,-0.012716,7.13,6.36,5.84,Star,K0IIICN-1CH-3.5
108,HD31560,04:55:41.9105,-28:33:50.082,0.012526066666666669,-0.22651200000000002,8.122,7.495,6.977,PM*,K3.5Vk:
109,VRLep,04:59:36.3486,-14:48:22.502,0.0004452666666666668,-0.001263,7.76,4.9,3.42,C*,"C7,6e"
110,HD32147,05:00:48.9993,-05:45:13.224,0.0366206,-1.108245,6.21,5.36,4.87,PM*,K3+V
111,HD32517,05:01:36.1680,-44:49:48.944,0.0004484,-0.067941,7.55,,6.644,PM*,G8/K0III(+F/G)
112,HD32491,05:01:54.3994,-36:58:42.854,0.0011826000000000002,-0.056564,7.633,,6.754,PM*,K0III
113,HD32450,05:02:28.4709,-21:15:24.042,-0.011155800000000002,-0.269935,8.317,7.405,6.492,**,K7V
114,gamCae,05:04:24.4021,-35:28:58.716,0.008411333333333335,-0.04367,4.55,3.64,2.99,**,K2.5IIIb+G8IV
115,eta02Pic,05:04:58.0142,-49:34:40.202,0.004574733333333334,-0.00221,5.01,3.81,2.9,PM*,K5III
116,epsLep,05:05:27.6653,-22:22:15.723,0.0014086666666666668,-0.07311,3.18,2.08,1.27,PM*,K4III
117,betEri,05:07:50.9854,-05:05:11.205,-0.005521333333333334,-0.07539,2.79,2.65,2.57,PM*,A3IV
118,lamEri,05:09:08.7831,-08:45:14.690,1.6666666666666667e-05,-0.00197,4.27,4.35,4.55,Be*,B2III(e)p
119,HD33793,05:11:40.5898,-45:01:06.361,0.4327482000000001,-5.708614,8.853,7.9,6.899,PM*,M1VIp
120,mu.Lep,05:12:55.9029,-16:12:19.668,0.0028535333333333337,-0.016017,3.29,3.3,3.42,RotV*alf2CVn,B9IV:HgMn
121,betOri,05:14:32.2721,-08:12:05.898,8.733333333333336e-05,0.0005,0.13,0.13,0.15,BlueSG*,B8Iae
122,HD34324,05:15:43.9005,-22:53:39.687,-0.0009438000000000002,0.006398,6.75,,6.61,Star,A3V
123,omiCol,05:17:29.0887,-34:53:42.722,0.006411133333333334,-0.339569,4.83,4.09,3.54,PM*,K1IV
124,lamLep,05:19:34.5240,-13:10:36.440,-0.00021999999999999998,-0.00491,4.29,4.41,4.69,Star,B0.5V
125,HD34748,05:19:35.2864,-01:24:42.880,-6.333333333333335e-05,0.002989,6.35,6.34,6.48,Star,B3V
126,VASCol,05:20:38.0482,-39:45:17.797,0.002583133333333334,0.013121,7.38,,6.81,RSCVn,F6V
127,HD35165,05:21:16.8603,-34:20:42.173,-6.8666666666666664e-06,0.0075910000000000005,6.09,6.12,6.26,Be*,B2Vnpe
128,oOri,05:21:45.7473,-00:22:56.880,-5.133333333333334e-06,0.001563,4.74,4.79,4.97,SB*,B2IV
129,HD35299,05:23:42.3086,-00:09:35.347,0.0001292666666666667,-0.001024,5.7,5.77,5.96,Star,B2III
130,eOri,05:23:56.8276,-07:48:29.033,-0.0009880000000000002,-0.045020000000000004,4.12,3.4,2.9,Star,G8+III
131,etaOri,05:24:28.6167,-02:23:49.731,-4.7333333333333336e-05,-0.00346,3.35,3.44,3.65,EB*,B1V+B2:
132,HD35854,05:26:14.7380,-32:30:17.137,0.016368933333333335,-0.089322,7.711,7.184,6.7,PM*,K2/3V
133,HD35994,05:27:24.8072,-26:35:05.978,0.0005941333333333334,-0.033701999999999996,7.22,,6.97,Star,A3III+(G)
134,betLep,05:28:14.7231,-20:45:33.987,-0.0003346666666666667,-0.08601,2.84,2.19,1.75,**,G5II-IIIa:
135,HD36187,05:28:15.3350,-37:13:50.747,0.0007258000000000002,0.068709,5.552,,5.52,PM*,A0V
136,HD36003,05:28:26.0955,-03:29:58.398,-0.020532333333333336,-0.797411,7.642,6.968,6.401,PM*,K5V
137,HD36134,05:29:23.6846,-03:26:47.015,-0.001957333333333334,-0.008977,5.78,4.95,4.38,V*,K1-IIIFe-0.5
138,HD36552,05:30:19.6610,-43:41:37.968,0.00033806666666666673,0.01961,8.08,7.37,6.89,Star,G7III:CN-1CH-2.5
139,epsCol,05:31:12.7474,-35:28:13.823,0.0018418000000000004,-0.032416,3.87,3.05,2.45,Star,K1II/III
140,HD36395,05:31:27.3957,-03:40:38.024,0.05077540000000001,-2.092209,7.968,6.996,5.913,PM*,M1.5Ve
141,upsOri,05:31:55.8601,-07:18:05.537,-6.666666666666668e-06,-0.00487,4.63,4.75,5.01,SB*,O9.7V
142,delOri,05:32:00.4000,-00:17:56.742,4.2666666666666676e-05,-0.00069,2.41,2.32,2.54,SB*,O9.5IINwk
143,alfLep,05:32:43.8161,-17:49:20.241,0.00023733333333333335,0.00118,2.57,2.35,2.14,V*,F0Ib
144,VVVOri,05:33:31.4464,-01:09:21.859,-7.253333333333335e-05,-0.001183,5.34,5.39,5.59,EB*,B1V+B4.5V
145,HD36811,05:34:09.7403,-01:54:06.662,1.9333333333333337e-05,0.006751,7.08,6.95,6.85,Star,A0V
146,tet01OriA,05:35:15.8254,-05:23:14.334,9.033333333333334e-05,0.00025,6.73,6.42,6.21,Ae*,B0V
147,tet01OriC,05:35:16.4662,-05:23:22.921,0.00015080000000000003,0.000994,5.13,4.91,4.73,SB*,O7Vp
148,tet01OriD,05:35:17.2574,-05:23:16.570,0.00012146666666666669,0.000393,6.7,6.4,6.2,YSO,B1.5Vp
149,VV1046Ori,05:35:21.8667,-04:29:39.024,9.846666666666668e-05,0.001554,6.56,6.61,6.74,SB*,B2/3V
150,tet02OriA,05:35:22.9012,-05:24:57.832,7.26e-05,0.0023940000000000003,6.39,6.3,6.35,SB*,O9.5IVp
151,cOri,05:35:23.1642,-04:50:18.088,0.00030133333333333336,-0.007110000000000001,4.59,4.67,4.85,YSO,B1V+?
152,HD37286,05:36:10.2953,-28:42:28.848,0.0016878000000000004,-0.003042,6.256,,6.1,Star,A2III/IV
153,epsOri,05:36:12.8133,-01:12:06.908,9.6e-05,-0.0007800000000000001,1.69,1.76,1.93,BlueSG*,B0Ia
154,VUYPic,05:36:56.8528,-47:57:52.883,0.0015419333333333337,-0.001134,7.676,,6.699,RSCVn,K0V
155,HD37484,05:37:39.6269,-28:37:34.655,0.001612266666666667,-0.0031219999999999998,7.25,,6.79,Star,F4V
156,HD37356,05:37:53.3851,-04:48:50.525,-8.120000000000002e-05,0.0014670000000000002,6.18,6.11,6.11,V*,B3V
157,sigOri,05:38:44.7653,-02:36:00.283,0.0003066666666666667,-0.0004,3.79,3.87,4.11,YSO,O9.5V
158,sigOriD,05:38:45.6253,-02:35:58.894,0.00010786666666666668,3.6e-05,6.69,,6.98,YSO,B2V
159,dOri,05:38:53.0831,-07:12:46.187,-0.0010268,-0.049302,4.8,4.65,4.59,SB*,A4Vn
160,alfCol,05:39:38.9410,-34:04:26.794,0.00010533333333333336,-0.024820000000000002,2.65,2.65,2.74,Be*,B9Ve
161,zetOri,05:40:45.5266,-01:56:33.264,0.00021266666666666672,0.0020299999999999997,1.77,1.85,2.05,**,O9.7Ib+B0III
162,HD38056,05:41:26.9256,-33:24:02.671,0.0003725333333333334,-0.012525000000000001,6.342,,6.37,Star,B9.5V
163,HD38206,05:43:21.6709,-18:33:26.911,0.0012914666666666668,-0.013424,5.727,,5.72,Star,A0V
164,gamLep,05:44:27.7906,-22:26:54.187,-0.01945046666666667,-0.36852100000000004,3.6,3.15,2.89,PM*,F6V
165,mu.Col,05:45:59.8950,-32:18:23.162,0.0002180666666666667,-0.022175999999999998,5.18,5.3,5.57,V*,O9.5V
166,HD38805,05:46:42.0908,-36:13:52.876,-1.6533333333333337e-05,-0.018041,6.82,,6.74,Star,A3V
167,kapOri,05:47:45.3888,-09:40:10.577,9.733333333333333e-05,-0.00128,2.06,2.09,2.27,BlueSG*,B0.5Ia
168,betCol,05:50:57.5921,-35:46:05.915,0.003651333333333334,0.4042,3.12,2.27,1.69,PM*,K1III_CN+1
169,delLep,05:51:19.2960,-20:52:44.730,0.01526846666666667,-0.64793,3.85,2.99,2.43,PM*,K0IIIbFe-1.5CH0.5
170,lamCol,05:53:06.8816,-33:48:04.907,-0.000273,0.031125,4.87,4.94,5.09,EllipVar,B5V
171,VSZPic,05:53:27.3640,-43:33:31.322,-0.0002651333333333334,-0.05572,7.906,,6.974,RSCVn,G8V
172,HD39855,05:54:30.1556,-19:42:15.631,0.006187400000000002,-0.024432,7.465,7.042,6.63,PM*,G8VFe-0.7
173,etaLep,05:56:24.2934,-14:10:03.718,-0.002764933333333334,0.139222,3.72,3.39,3.23,PM*,F2V
174,HD40397,05:58:21.5359,-04:39:02.421,0.004989933333333334,-0.200354,6.984,6.578,6.183,PM*,F7V
175,etaCol,05:59:08.8051,-42:48:54.482,0.001226,-0.01087,3.96,3.14,2.56,Star,G8/K1II
176,HD40657,06:00:03.3496,-03:04:27.330,0.0007169333333333334,-0.07370099999999999,4.52,3.59,2.92,PM*,K1.5III-IIIbCN-1
177,HD40887,06:00:19.5245,-31:01:43.610,-0.027512000000000005,0.9882200000000001,7.873,7.163,6.526,**,K5V+K5V
178,HD41335,06:04:13.5003,-06:42:32.225,-0.00025360000000000004,0.0036230000000000004,5.21,5.13,5.09,Be*,B1V
179,VSLep,06:05:45.5496,-24:11:44.015,0.0002950666666666668,-0.015106999999999999,6.82,4.12,1.75,LPV*,M6+IIIa
180,VV356Pup,06:08:17.8091,-46:50:58.389,0.00028113333333333335,-0.020564,8.208,,6.984,RSCVn,K1/2III(p)
181,HD42581,06:10:34.6149,-21:51:52.656,-0.009046133333333334,-0.719178,8.125,7.164,6.121,Eruptive*,M1V
182,HD43162,06:13:45.2953,-23:51:42.971,-0.003170933333333334,0.11108499999999999,6.366,5.94,5.61,low-mass*,G6.5V
183,gamMon,06:14:51.3336,-06:16:29.188,-0.0003126666666666667,-0.0193,3.96,2.99,2.36,Star,K1III:
184,HD43544,06:16:07.6914,-16:37:04.823,-0.0005562000000000001,0.000832,5.91,5.95,6.08,Be*,B2/B3Ve
185,kapCol,06:16:33.1351,-35:08:25.863,-1.8666666666666672e-05,0.08794,4.37,3.64,3.13,PM*,G9IIIbCN0.5
186,VISCMa,06:20:56.4097,-29:40:15.115,0.0027156666666666674,-0.07691800000000001,7.03,,6.56,EB*,F3V
187,HD44458,06:21:24.7165,-11:46:23.666,-0.00015153333333333335,0.001193,5.55,5.38,5.34,Be*,B1.5IVe
188,delCol,06:22:06.8249,-33:26:11.036,-0.0015297333333333337,-0.052045,3.85,3.18,2.71,SB*,G7II
189,betCMa,06:22:41.9853,-17:57:21.307,-0.00021533333333333338,-0.0007800000000000001,1.97,2.11,2.35,PulsV*bCep,B1II-III
190,lamCMa,06:28:10.2074,-32:34:48.245,-0.000960666666666667,0.02521,4.48,4.54,4.7,Star,B4V
191,betMon,06:28:49.0697,-07:01:59.010,-0.00045733333333333346,-0.00276,3.74,3.75,3.91,**,B4Ve+B2Vn(e)+B3V:nne
192,ksi01CMa,06:31:51.3663,-23:25:06.318,-0.00019400000000000003,0.00622,4.33,4.45,4.72,PulsV*bCep,B0.7IV
193,VHRCMa,06:32:46.8731,-11:09:58.987,-0.0009890000000000003,0.0050279999999999995,6.24,5.49,5.01,EB*,G9III:Ba3.5
194,nu.02CMa,06:36:41.0375,-19:15:21.165,0.004171333333333334,-0.06997,3.91,3.13,2.61,PM*,K1.5III-IVFe1
195,nu.Pup,06:37:45.6713,-43:11:45.360,-2.9333333333333333e-05,-0.00387,3.17,3.17,3.24,Cepheid,B8III
196,nu.03CMa,06:37:53.4213,-18:14:14.930,-0.00047773333333333347,-0.008777,4.43,3.56,2.97,Star,K1-III
197,10CMa,06:44:28.4671,-31:04:13.892,-0.0002190666666666667,0.004201,5.17,5.15,5.17,Be*,B2V
198,alfCMa,06:45:08.9172,-16:42:58.017,-0.03640066666666667,-1.2230699999999999,-1.46,-1.46,-1.43,SB*,A0mA1Va
199,HD49960,06:49:40.5443,-31:15:32.849,0.00023640000000000003,0.015487,8.35,7.54,6.95,Star,K2/3IIIp+(G)
200,kapCMa,06:49:50.4593,-32:30:30.522,-0.0005893333333333334,0.0037300000000000002,3.89,3.91,4.05,Be*,B1.5Ve
201,15CMa,06:53:32.9071,-20:13:27.317,-0.00036400000000000007,0.0035800000000000003,4.83,4.95,5.17,PulsV*bCep,B1Ib
202,omi01CMa,06:54:07.9522,-24:11:03.159,-0.00025140000000000004,0.004066,3.87,2.7,1.88,RedSG*,K2Iab
203,tetCMa,06:54:11.3988,-12:02:19.061,-0.009110266666666669,-0.014322,4.08,2.95,2.17,PM*,K3/4III
204,VNPPup,06:54:26.6835,-42:21:56.058,-0.00010453333333333336,0.020239,6.27,4.55,3.28,C*,C-N4.5
205,HD50820,06:54:42.0425,-01:45:23.338,-7.346666666666669e-05,-0.0014910000000000001,6.21,5.52,4.82,Be*,B3IVe+K2II
206,HD51799,06:56:15.9899,-48:43:16.125,6.733333333333335e-05,0.00757,4.95,3.47,2.29,V*,M1III
207,epsCMa,06:58:37.5487,-28:58:19.510,0.00021600000000000002,0.00133,1.5,1.59,1.8,Star,B1.5II
208,HD52382,07:00:39.3387,-09:12:10.678,-0.0001222666666666667,0.000587,6.57,6.29,6.19,Star,B0.5Ia
209,sigCMa,07:01:43.1477,-27:56:05.389,-0.00039866666666666674,0.00459,3.47,2.15,1.15,LPV*,K5Ib
210,19Mon,07:02:54.7766,-04:14:21.237,-0.0003366666666666667,0.0022400000000000002,5.0,5.06,5.25,PulsV*bCep,B2Vn(e)
211,omi02CMa,07:03:01.4721,-23:49:59.852,-0.00014733333333333335,0.00361,3.02,3.01,3.1,BlueSG*,B3Ia
212,gamCMa,07:03:45.4930,-15:37:59.829,-9.333333333333336e-06,-0.01136,4.12,4.13,4.23,Star,B8II
213,HD53705,07:03:57.3152,-43:36:28.925,-0.007003133333333335,0.38983300000000004,5.28,5.05,4.71,PM*,G1.5V
214,HD53706,07:03:58.9212,-43:36:40.873,-0.006781466666666667,0.382507,6.851,6.427,6.013,PM*,K0.5V
215,HD54309,07:07:22.5873,-23:50:26.573,-0.00022680000000000004,0.0024230000000000002,5.83,5.83,5.95,Be*,B3Vne
216,VWCMa,07:08:03.4360,-11:55:23.796,-0.0004180000000000001,0.002485,6.56,4.86,3.51,C*,C-N5
217,delCMa,07:08:23.4840,-26:23:35.518,-0.00020800000000000004,0.00331,1.84,1.33,1.0,YellowSG*,F8Ia
218,HD54672,07:08:33.7252,-28:36:47.444,-0.001970666666666667,0.038968,7.569,,6.934,RotV*,F7IV
219,APup,07:08:51.0682,-39:39:20.357,-0.0007126666666666668,0.00771,4.83,4.9,5.05,Cepheid,B3IV/V
220,20Mon,07:10:13.6815,-04:14:13.585,-3.066666666666667e-05,0.217452,4.92,4.13,3.61,PM*,K0III
221,IPup,07:12:33.6249,-46:45:33.494,-0.009078000000000001,0.10712,4.49,4.17,3.95,RotV*alf2CVn,F3VFe-1.0
222,L02Pup,07:13:32.3185,-44:38:22.951,0.007117133333333334,0.323164,5.1,2.49,0.07,AGB*,M5IIIe
223,HD56142,07:14:14.0507,-36:25:36.088,-0.0005384000000000002,0.020513000000000003,7.59,,6.661,RotV*,F6/7V
224,27CMa,07:14:15.2119,-26:21:09.031,-0.0004606666666666668,0.00317,4.65,4.64,4.73,Be*,B4Ve_sh
225,HD56438,07:14:36.4077,-47:08:05.811,-0.0007612666666666668,0.021013,8.1,7.23,6.59,Star,K0.5IIIbCH-0.5
226,HD56456,07:14:38.1406,-48:16:18.942,-0.00029333333333333343,1e-05,4.76,4.77,4.85,Star,B8/9V
227,omeCMa,07:14:48.6538,-26:46:21.609,-0.0007920000000000002,0.00687,3.82,3.8,3.9,Be*,B2.5Ve
228,HD56618,07:16:34.9928,-27:52:52.244,-0.0008795333333333335,0.038623,4.64,3.16,1.91,Star,M2III
229,145CMa,07:16:36.8345,-23:18:56.138,-0.00025440000000000006,0.003896,4.79,3.47,2.51,Star,K3Ib-
230,pi.Pup,07:17:08.5567,-37:05:50.896,-0.0006700000000000001,0.00647,2.7,1.46,0.55,LPV*,K4III
231,ups01Pup,07:18:18.3933,-36:44:02.232,-0.0006833333333333335,0.0058200000000000005,4.67,4.57,4.62,Be*,B2V+B3IVne
232,ups02Pup,07:18:38.1853,-36:44:33.854,-0.0006781333333333335,0.006621,5.11,5.17,5.38,Be*,B3Vne
233,29CMa,07:18:40.3789,-24:33:31.318,-0.00019100000000000003,0.003678,4.95,4.95,5.08,SB*,O7Iafpvar
234,tauCMa,07:18:42.4864,-24:57:15.741,-0.000154,0.005019999999999999,4.4,4.44,4.62,SB*,O9II
235,HD58131,07:23:24.5077,-20:13:49.178,-0.00014846666666666665,0.002937,7.48,7.09,6.77,Em*,B9Iab
236,etaCMa,07:24:05.7022,-29:18:11.179,-0.00027600000000000004,0.00581,2.45,2.38,2.44,BlueSG*,B5Ia
237,HD58343,07:24:40.1873,-16:12:05.302,-0.0003324,-0.020734000000000002,5.19,5.05,5.06,Be*,B2Vne
238,HD58647,07:25:56.0985,-14:10:43.548,-0.00031513333333333337,-0.0032879999999999997,6.85,6.73,6.73,Em*,B9IV
239,sigPup,07:29:13.8304,-43:18:05.159,-0.0039700000000000004,0.18831,3.25,2.04,1.12,SB*,K5III
240,HD59612,07:29:51.4122,-23:01:27.444,-0.00018873333333333336,0.0041719999999999995,4.86,4.58,4.38,Star,A5/7Iab/II
241,HD59967,07:30:42.5117,-37:20:21.706,-0.0058080000000000015,0.052934,6.635,6.28,5.945,PM*,G3V
242,HD59890,07:30:42.6019,-30:57:44.209,-0.0007979333333333334,0.001055,4.65,3.98,3.51,Star,G2Iab/b
243,VKQPup,07:33:47.9667,-14:31:26.054,-0.0004664666666666667,0.003998000000000001,4.97,3.41,2.08,RedSG*,M1Iabe+B2
244,zPup,07:33:51.0415,-36:20:18.212,-0.0004932000000000001,0.0060620000000000005,5.44,5.33,5.32,Be*,B2Vne
245,HD60855,07:36:03.8931,-14:29:33.978,-0.0004738666666666667,0.0005420000000000001,5.7,5.72,5.81,Be*,B2Ve
246,fPup,07:37:22.1097,-34:58:06.710,-0.0009473333333333334,0.01632,4.53,4.55,4.62,**,B8IV/V
247,d01Pup,07:39:27.3383,-38:18:28.878,-0.0014073333333333334,0.01581,4.84,4.92,5.08,Star,B3V
248,HD61606,07:39:59.3286,-03:35:51.027,0.004671866666666667,-0.278117,7.169,6.626,6.15,BYDra,K3V
249,VRPup,07:40:52.5968,-31:39:40.195,-0.00015006666666666666,0.003222,6.56,5.69,5.02,YellowSG*,G2_0-Ia
250,alfMon,07:41:14.8325,-09:33:04.071,-0.004974000000000001,-0.01959,3.93,3.16,2.64,PM*,G9.5III-IIIbFe-0.5
251,1Pup,07:43:32.3866,-28:24:39.188,-0.0009188000000000001,0.029646000000000002,4.59,3.29,2.32,V*,K5III
252,lPup,07:43:48.4687,-28:57:17.372,-0.0003393333333333334,0.0039,3.93,3.68,3.5,SG*,A4Iabe
253,cPup,07:45:15.2964,-37:58:06.899,-0.0006786666666666668,0.00634,3.61,2.26,1.26,Star,K4III
254,omiPup,07:48:05.1683,-25:56:13.812,-0.0006726666666666668,0.00426,4.49,4.37,4.37,Be*,B1IVe
255,QPup,07:48:20.1604,-47:04:39.798,-0.006790000000000001,-0.07808,4.71,3.95,3.38,PM*,K0IIIb
256,PPup,07:49:14.2953,-46:22:23.542,-0.0002913333333333334,0.008660000000000001,4.11,4.19,4.36,**,B0III
257,ksiPup,07:49:17.6556,-24:51:35.230,-0.0003206666666666667,-0.0008900000000000001,3.3,2.43,1.88,Star,G6Ib
258,HD64740,07:53:03.6353,-49:36:46.952,-0.000518,0.01516,4.63,4.76,4.97,Star,B2V
259,JPup,07:53:18.1579,-48:06:10.563,-0.0003733333333333334,0.0057599999999999995,4.24,4.26,4.38,Star,B0.5Ib
260,HD64616,07:53:49.2650,-26:15:43.506,-0.002054533333333334,0.007355,6.92,6.48,6.04,Star,K0IIIFe-0.5
261,HD64606,07:54:34.1880,-01:24:44.300,-0.016797133333333335,-0.056451,7.433,7.007,6.569,SB*,K0V
262,chiPup,07:57:40.1062,-30:20:04.456,-0.0005480000000000001,0.006546000000000001,4.79,4.59,4.44,V*,A7III
263,VAPPup,07:57:45.6725,-40:07:24.082,-0.0003940666666666667,0.004405,7.37,,6.462,deltaCep,F8II
264,HD65810,07:59:52.0475,-18:23:57.180,0.00043033333333333346,-0.04371800000000001,4.61,4.46,4.4,Star,A1V
265,HD65875,08:00:44.1338,-02:52:54.913,-0.00045246666666666675,0.0014830000000000002,6.59,6.48,6.5,Be*,B2.5Ve
266,zetPup,08:03:35.0475,-40:00:11.332,-0.001980666666666667,0.01668,2.25,2.36,2.58,BYDra,O4I(n)fp
267,rhoPup,08:07:32.6488,-24:18:15.567,-0.005556666666666667,0.04623,2.81,2.46,2.25,PulsV*delSct,F5IIkF2IImF5II
268,zetMon,08:08:35.6466,-02:59:01.636,-0.0012540000000000001,-0.0045000000000000005,4.33,3.6,3.11,Star,G2Ib
269,HD67728,08:08:37.6489,-19:50:23.659,-0.0002990666666666667,-0.004441,7.54,6.67,6.07,**,G8/K0III
270,gam02Vel,08:09:31.9501,-47:20:11.710,-0.0004046666666666667,0.01043,1.83,1.85,2.0,WR*,WC8+O7.5III-V
271,19Pup,08:11:16.3058,-12:55:37.195,-0.0017193333333333336,0.00809,4.72,3.99,3.51,**,G8.5IIIb
272,h01Pup,08:11:21.4934,-39:37:06.758,-0.0006048000000000001,0.003211,4.42,3.22,2.34,LPV*,K4.5Ib
273,HD68601,08:11:25.8917,-42:59:14.198,-0.0004246666666666667,0.00464,4.75,4.51,4.29,Star,A5Ib
274,VRSPup,08:13:04.2157,-34:34:42.696,-0.00023453333333333336,0.003126,7.04,,5.453,deltaCep,F8Iab
275,rPup,08:13:29.5171,-35:53:58.266,-0.0004866666666666668,0.00975,4.77,4.68,4.77,Be*,B1V
276,h02Pup,08:14:02.9293,-40:20:52.321,0.0025464000000000003,-0.07015300000000001,4.44,3.6,2.96,SB*,K1II/III
277,qPup,08:18:33.3129,-36:39:33.439,-0.0073553333333333335,0.10048,4.4,4.24,4.11,PM*,A8V
278,wPup,08:21:23.0260,-33:03:15.714,-0.0007814000000000001,0.003316,4.8,3.83,3.08,Star,K2+IIIa
279,BVel,08:22:31.6941,-48:29:25.363,-0.00034,0.0077599999999999995,4.82,4.86,4.99,SB*,B2III
280,30Mon,08:25:39.6320,-03:54:23.117,-0.0044286666666666676,-0.02341,3.9,3.87,3.92,PM*,A0Va
281,VLOHya,08:28:29.1527,-02:31:01.652,-0.0006380000000000001,-0.01045,6.41,,6.06,EB*,A3mA5/7-A9
282,HD72760,08:34:31.6518,-00:43:33.828,-0.013038400000000002,0.018236000000000002,7.334,6.891,6.492,PM*,K0V
283,CVel,08:34:43.5965,-49:56:39.127,-0.0009279333333333336,0.018036000000000003,5.01,4.04,3.36,Star,K1.5Ib
284,eVel,08:37:38.6327,-42:59:20.689,-0.0007166666666666668,0.00966,4.14,3.98,3.85,Star,A7Ia
285,VTVel,08:37:40.8266,-47:21:43.084,-0.0004399333333333334,0.004324,7.68,,6.97,deltaCep,G0II
286,VV401Hya,08:37:50.2937,-06:48:24.779,-0.01982033333333334,0.04398,6.725,6.365,6.029,BYDra,G8/K0(IV)
287,HD73882,08:39:09.5341,-40:25:09.260,-0.00025133333333333333,0.00383,7.19,6.67,6.3,EB*,O8.5IV
288,bVel,08:40:37.5701,-46:38:55.476,-0.00040333333333333334,0.00466,3.81,3.16,2.62,V*,F0Ia
289,HD74234,08:40:53.3997,-48:13:31.819,-0.0002785333333333334,0.003821,6.926,,6.725,Star,B2IV
290,nVel,08:41:13.1290,-47:19:01.669,-0.0005205333333333334,0.010611,4.77,4.56,4.37,Star,A5II
291,alfPyx,08:43:35.5375,-33:11:10.989,-0.0009513333333333333,0.01043,3.68,3.76,3.93,V*,B1.5III
292,aVel,08:46:01.6439,-46:02:29.504,-0.0008546666666666668,0.00423,3.91,3.86,3.73,Star,A0II
293,DHya,08:46:22.5444,-13:32:51.805,0.0006877333333333334,-0.015012000000000001,4.32,3.64,3.18,Star,G8IIIbCN-1
294,VUZPyx,08:46:36.3322,-29:43:41.202,-0.0003844666666666668,0.001674,7.17,5.62,4.32,C*,C-J4
295,gamPyx,08:50:31.9228,-27:42:35.442,-0.008954,0.08789,4.01,3.06,2.39,PM*,K2.5III
296,fVel,08:50:33.4606,-46:31:45.075,-0.0002867333333333334,0.0033220000000000003,5.11,5.2,5.36,EB*,B1Ib
297,HD75860,08:50:53.2406,-43:45:05.435,-0.0003240000000000001,0.0030600000000000002,7.58,6.83,6.23,BlueSG*,B1.5Iabp
298,HD77320,09:00:22.2552,-43:10:26.376,-0.0006039333333333333,-0.00011600000000000001,6.08,6.07,6.19,Be*,B2Vnn(e)
299,VGPVel,09:02:06.8608,-40:33:16.899,-0.0003214666666666667,0.009282,6.87,6.31,6.05,HMXB,B0.5Ia
300,cVel,09:04:09.2798,-47:05:51.854,-0.003163333333333334,-0.00975,3.75,2.93,2.33,PM*,K2III
301,lamVel,09:07:59.7578,-43:25:57.327,-0.001600666666666667,0.013519999999999999,2.21,0.97,0.03,LPV*,K4Ib
302,kapPyx,09:08:02.8798,-25:51:30.736,0.002331466666666667,0.00019700000000000002,4.56,3.32,2.42,Star,K4III
303,HD79186,09:11:04.3980,-44:52:04.448,-0.0003776666666666667,0.004348,5.0,4.71,4.49,BlueSG*,B5Ia
304,lVel,09:15:36.7081,-38:34:11.794,-0.004735866666666667,-0.010227,4.94,4.15,3.58,PM*,K1III
305,kVel,09:15:45.0797,-37:24:47.317,0.0009239333333333334,-0.007738000000000001,4.62,4.24,3.96,Star,F3/5V
306,VNVHya,09:16:59.8552,-09:37:18.030,-0.0006283333333333334,-0.033768,7.548,,6.519,Candidate_LP*,G6III
307,tetPyx,09:21:29.5903,-25:57:55.586,-0.0008573333333333334,-0.009792,4.72,3.32,2.24,Star,M0.5IIIBa0.5
308,lamPyx,09:23:12.2502,-28:50:01.900,-0.008460866666666669,0.023116,4.68,3.97,3.5,PM*,G8.5IIIbFe-1
309,alfHya,09:27:35.2427,-08:39:30.958,-0.0010153333333333336,0.03437,1.97,0.93,0.16,Star,K3IIIa
310,epsAnt,09:29:14.7196,-35:57:04.807,-0.0016460000000000003,0.00504,4.51,3.5,2.74,Star,K3III
311,psiVel,09:30:41.9995,-40:28:00.261,-0.009865333333333334,0.06135,3.6,3.24,3.02,**,F3VFe-0.7
312,HD82595,09:31:57.7827,-36:51:34.326,-0.0002218666666666667,0.003487,8.18,7.36,6.8,Star,K2II/III
313,VLQHya,09:32:25.5683,-11:11:04.692,-0.016536000000000002,0.034277,7.891,7.288,6.815,BYDra,K1Vp
314,HD82747,09:33:26.0510,-22:51:49.988,-0.0046988,0.054598,5.904,,5.88,PM*,B9.5V
315,MVel,09:36:49.5400,-49:21:18.088,-0.008703333333333337,0.04298,4.35,4.2,4.1,PM*,A7V
316,iotHya,09:39:51.3614,-01:08:34.113,0.0031306666666666674,-0.06239,3.91,2.92,2.25,PM*,K2.5III
317,IHya,09:41:17.0073,-23:35:29.453,-0.001952666666666667,0.0027,4.76,4.75,4.84,Be*,B5V
318,tetAnt,09:44:12.0951,-27:46:10.101,-0.003548666666666667,0.03724,4.79,4.32,4.0,**,A7V+G8III
319,HD85512,09:51:07.0518,-43:30:10.023,0.03077353333333334,-0.47188,7.651,6.934,6.319,PM*,K6Vk:
320,ups01Hya,09:51:28.6938,-14:50:47.771,0.0012586666666666668,-0.02185,4.11,3.42,2.95,Star,G7III
321,mVel,09:51:40.6683,-46:32:51.440,-0.0016746000000000003,0.010305,4.58,3.75,3.12,SB*,G6IIa
322,HD86612,09:59:06.3044,-23:57:02.767,-0.001647466666666667,0.005311,6.25,6.14,6.19,Be*,B5Ve
323,lamHya,10:10:35.2885,-12:21:14.858,-0.014495533333333335,-0.07437300000000001,3.61,2.84,2.36,SB*,K0IIIbCN0.5
324,qVel,10:14:44.1557,-42:07:18.993,-0.010006000000000001,0.04944,3.85,3.83,3.81,PM*,A2Va
325,rVel,10:22:19.5848,-41:38:59.863,-0.0018480000000000003,0.060366,4.83,4.03,3.45,PM*,K1III
326,HD90156,10:23:55.2740,-29:38:43.909,-0.0026106000000000007,0.09930200000000002,6.92,6.534,6.189,PM*,G5V
327,HD90362,10:25:44.2709,-07:03:35.376,-0.009050866666666667,0.130341,5.56,4.31,3.36,PM*,K6IIIFe-0.5
328,mu.Hya,10:26:05.4263,-16:50:10.642,-0.008611333333333334,-0.07976000000000001,3.81,2.7,1.87,PM*,K4III
329,alfAnt,10:27:09.1006,-31:04:04.004,-0.0054213333333333336,0.009798,4.25,3.15,2.36,PM*,K3III
330,HD90781,10:28:14.5610,-36:13:12.668,-0.0005276666666666667,-0.026088,7.44,,6.97,Star,F3V
331,betSex,10:30:17.4802,-00:38:13.314,-0.0026193333333333338,-0.023582000000000002,5.1,5.13,5.27,RotV*alf2CVn,B5IV/V
332,HD91805,10:35:10.4125,-43:39:52.512,-0.0031038000000000007,0.030949,6.1,5.32,5.32,PM*,G7IIICH-3
333,VUAnt,10:35:12.8510,-39:33:45.324,-0.002100266666666667,0.0026190000000000002,5.38,3.18,1.86,C*,C-N3
334,HD91962,10:36:59.9979,-08:50:23.512,-0.004765333333333335,-0.059266,7.03,,6.34,**,G1V
335,pVel,10:37:18.1399,-48:13:32.234,-0.008894,-0.00182,3.84,3.57,3.41,SB*,A3/5
336,VUHya,10:37:33.2729,-13:23:04.352,0.0028393333333333343,-0.03772,4.82,3.05,1.78,C*,C-N5
337,HD92719,10:42:13.3208,-13:47:15.771,0.0156294,-0.172093,6.767,6.42,6.083,PM*,G1.5V
338,VV419Hya,10:43:28.2715,-29:03:51.432,-0.014365600000000004,-0.049892000000000006,7.719,7.232,6.806,BYDra,K1V
339,mu.Vel,10:46:46.1787,-49:25:12.924,0.004214666666666667,-0.05421,2.69,2.01,1.52,**,G6III
340,40Sex,10:49:17.2728,-04:01:26.134,-0.0033820000000000005,-0.00012,,7.88,6.38,**,A2/3III/IV
341,nu.Hya,10:49:37.4887,-16:11:37.135,0.006223333333333333,0.19888,3.11,2.17,1.53,PM*,K1.5IIIHdel-0.5
342,iotAnt,10:56:43.0512,-37:08:15.962,0.004937933333333334,-0.124443,4.6,3.85,3.32,PM*,K0III
343,alfCrt,10:59:46.4651,-18:17:55.630,-0.03082020000000001,0.128614,4.07,3.27,2.72,PM*,K0IIIb
344,iVel,11:00:09.2642,-42:13:33.092,0.0015520000000000002,0.00429,4.39,4.26,4.19,Star,A3V
345,p02Leo,11:01:49.6762,-02:29:04.525,0.0006009333333333334,-0.03537,4.75,3.42,2.46,V*,M0III
346,HD97343,11:12:01.1912,-26:08:12.010,0.018144733333333333,-0.06514700000000001,7.037,6.621,6.241,PM*,G8.5V
347,HD98281,11:18:22.0116,-05:04:02.288,0.0530004,-0.150916,7.232,6.822,6.438,PM*,G8V
348,delCrt,11:19:20.4475,-14:46:42.741,-0.008311333333333334,0.20759,3.56,2.73,2.13,PM*,G9IIICH0.5
349,18Crt,11:32:54.1287,-31:05:14.011,-0.001966666666666667,0.006543,5.11,3.77,2.76,V*,M1/2III
350,ksiHya,11:33:00.1150,-31:51:27.443,-0.013974666666666668,-0.04084,3.54,2.84,2.36,**,G7IIIb
351,upsLeo,11:36:56.9308,-00:49:25.496,0.00011733333333333333,0.04337,4.3,3.58,3.06,Star,G9IIIbFe-0.5
352,VV829Cen,11:39:22.2368,-39:23:07.601,-4.713333333333334e-05,-0.052732999999999995,7.84,,6.588,RSCVn,G8IV
353,omiHya,11:40:12.7897,-34:44:40.773,-0.002882666666666667,-0.00161,4.7,4.69,4.74,Star,B9V
354,HD101581,11:41:02.4684,-44:24:18.686,-0.04404226666666668,0.242096,7.762,7.127,6.584,PM*,K4.5Vk:
355,HD102365,11:46:31.0725,-40:30:01.285,-0.10206473333333335,0.403287,4.88,4.35,3.97,PM*,G2V
356,BCen,11:51:08.6912,-45:10:24.491,-0.0048618666666666675,-0.007964,4.46,3.52,2.85,PM*,K3III
357,betHya,11:52:54.5214,-33:54:29.267,-0.003770666666666668,0.00019,4.28,4.27,4.35,RotV*alf2CVn,kB8hB8HeA0VSi
358,HD103932,11:57:56.2063,-27:42:25.366,-0.07206006666666669,-0.620929,6.964,6.298,5.758,PM*,K4+V
359,HD104067,11:59:10.0088,-20:21:13.612,0.009447066666666667,-0.42378,7.921,7.369,6.913,PM*,K2V
360,epsCrv,12:10:07.4805,-22:37:11.161,-0.004782666666666667,0.01025,2.98,2.05,1.41,PM*,K2+IIIa
361,HD105912,12:11:21.7980,-03:46:43.933,-0.006775333333333334,-0.062975,6.94,,6.43,PM*,F5V
362,gamCrv,12:15:48.3708,-17:32:30.949,-0.010574000000000004,0.02186,2.58,2.62,2.71,PM*,B8III
363,etaVir,12:19:54.3423,-00:40:00.466,-0.003644333333333334,-0.017642,3.9,3.82,3.82,SB*,A2IV
364,delCrv,12:29:51.8551,-16:30:55.552,-0.014032666666666669,-0.13874,2.94,2.99,3.03,PM*,A0IV(n)kB9
365,betCrv,12:34:23.2348,-23:23:48.337,7.400000000000002e-05,-0.056560000000000006,2.64,2.03,1.59,PM*,G5IIBa0.3
366,HD109524,12:35:33.5522,-34:52:54.903,-0.015239066666666669,-0.13380799999999998,7.844,7.229,6.713,PM*,K3.5Vk:
367,HD109573,12:36:01.0317,-39:52:10.220,-0.0037102000000000007,-0.02388,5.774,7.25,5.81,PM*,A0V
368,fVir,12:36:47.3542,-05:49:54.841,-0.0018661333333333337,-0.020279000000000002,5.88,,5.8,Star,A3V
369,tauCen,12:37:42.1640,-48:32:28.699,-0.012405400000000002,-0.006757,3.86,3.81,3.77,PM*,A1IVnn
370,lCen,12:39:52.5283,-39:59:14.290,-0.002892000000000001,-0.02525,4.64,4.66,4.75,**,B8II/III
371,gamCen,12:41:31.0400,-48:57:35.537,-0.012381333333333334,0.00579,2.17,2.14,2.14,**,A1IV+A0IV
372,gamVir,12:41:39.6282,-01:26:57.854,-0.04034506666666668,0.085701,2.74,2.45,2.26,PM*,F1-F2V
373,wCen,12:42:35.4514,-48:48:47.189,-0.008256000000000003,-0.030170000000000002,4.66,3.91,3.34,PM*,K0III
374,HD111312,12:48:32.2830,-15:43:09.920,0.0065292000000000015,0.02723,7.865,7.328,6.858,BYDra,K2.5Vk:
375,HD111631,12:50:43.5668,-00:46:05.267,-0.0019914000000000004,-0.397002,8.47,7.59,6.752,PM*,M0V
376,eCen,12:53:06.9063,-48:56:35.926,-0.005296666666666668,-0.024729,4.33,3.35,2.6,PM*,K3/4III
377,nCen,12:53:26.2000,-40:10:43.944,0.0047226666666666675,-0.02254,4.27,4.07,3.93,PM*,A4IV
378,psiVir,12:54:21.1634,-09:32:20.378,-0.0012053333333333334,-0.01952,4.8,3.23,1.95,LPV*,M3-III
379,HD112758,12:59:01.5612,-09:50:02.679,-0.05496386666666668,0.19500800000000001,7.588,7.163,6.729,SB*,G9V
380,HD113194,13:02:20.6898,-26:47:13.604,-0.010475533333333335,-0.199668,8.351,7.608,6.947,PM*,K5Vk:
381,VPXVir,13:03:49.6546,-05:09:42.517,-0.012742000000000002,-0.21873,7.679,7.185,6.721,BYDra,K1V
382,HD114613,13:12:03.1842,-37:48:10.879,-0.02549393333333334,0.046147,4.85,4.28,3.92,PM*,G3V
383,HD114783,13:12:43.7855,-02:15:54.130,-0.009224133333333336,0.010284000000000001,7.55,7.053,6.627,PM*,K1V
384,HD114853,13:13:52.2256,-45:11:08.884,-0.0073384,-0.11145300000000001,6.94,6.559,6.226,PM*,G1.5V
385,HD115247,13:16:03.0999,-05:40:07.401,-0.005568333333333335,-0.04043,7.69,,6.771,PM*,F5V
386,gamHya,13:18:55.2971,-23:10:17.451,0.004599333333333334,-0.041850000000000005,3.0,2.4,1.93,SB*,G8IIIa
387,iotCen,13:20:35.8128,-36:42:44.296,-0.022641000000000005,-0.082181,2.73,2.68,2.69,PM*,kA1.5hA3mA3Va
388,alfVir,13:25:11.5793,-11:09:40.750,-0.0028233333333333335,-0.030670000000000003,0.97,1.06,1.3,PulsV*bCep,B1V
389,VRHya,13:29:42.7818,-23:16:52.774,-0.003845333333333334,0.01286,4.97,2.27,-0.15,Mira,M6-9e
390,dCen,13:31:02.6565,-39:24:26.298,-0.0010446666666666668,-0.010490000000000001,3.88,3.04,2.45,**,G8II/III
391,lVir,13:31:57.8850,-06:15:20.941,-0.006929333333333334,-0.04387,4.69,3.23,2.07,PM*,M2.5III
392,HD118036,13:34:16.2574,-00:18:49.599,-0.013646666666666668,0.0253,7.338,7.97,6.406,**,K0V
393,zetVir,13:34:41.5913,-00:35:44.939,-0.018460200000000003,0.044621,3.38,3.31,3.25,PM*,A2Van
394,HD118330,13:36:14.6480,-00:55:51.561,-0.014829466666666668,-0.054017,7.04,6.749,6.438,PM*,F7V
395,iCen,13:45:41.2439,-33:02:37.381,-0.030812133333333346,-0.146513,4.23,3.9,3.69,SB*,F2V
396,gCen,13:49:26.7217,-34:27:02.792,-0.0027786666666666667,-0.059770000000000004,4.19,2.06,0.19,LPV*,M5-III:
397,mu.Cen,13:49:36.9886,-42:28:25.429,-0.0016166666666666669,-0.01864,3.43,3.41,3.5,Be*,B2Vnpe
398,HD120467,13:49:44.8063,-22:06:39.931,-0.11665740000000002,-0.49420800000000004,8.166,7.394,6.777,PM*,K6Va
399,HD120991,13:53:57.2397,-47:07:41.390,-0.0005132666666666667,-0.004225,6.1,6.24,6.34,Be*,B2Ve
400,zetCen,13:55:32.3856,-47:17:18.148,-0.0038246666666666663,-0.04455,2.55,2.69,2.89,SB*,B2.5IV
401,ups01Cen,13:58:40.7486,-44:48:12.908,-0.0018340000000000003,-0.02244,3.87,4.01,4.22,V*,B2IV-V
402,ups02Cen,14:01:43.5069,-45:36:12.274,0.00032486666666666674,-0.017824000000000003,4.33,3.82,3.48,SB*,F7II/III
403,pi.Hya,14:06:22.2974,-26:40:56.502,0.002913333333333334,-0.14118,3.28,2.4,1.85,PM*,K2-IIIFe-0.5
404,tetCen,14:06:40.9475,-36:22:11.837,-0.034702000000000004,-0.51806,2.05,1.29,0.76,PM*,K0-IIIb
405,HD124292,14:12:45.2383,-03:19:12.303,-0.010833200000000001,-0.322138,7.039,6.634,6.265,PM*,G8/K0V
406,kapVir,14:12:53.7453,-10:16:25.333,0.00048333333333333344,0.13988,4.21,3.14,2.39,PM*,K2.5IIIFe-0.5
407,VMWVir,14:17:27.6695,-19:57:49.582,-0.005634066666666667,-0.026712,6.95,,6.649,EB*,A5IV
408,lamVir,14:19:06.5923,-13:22:15.945,-0.0010606666666666668,0.02892,4.52,,4.43,SB*,A1V
409,HD125455,14:19:34.8632,-05:09:04.290,-0.04219673333333334,-0.120707,7.569,7.093,6.664,PM*,K1V
410,aCen,14:23:02.2390,-39:30:42.549,-0.00161,-0.0219,4.42,4.53,4.7,RotV*,B2V
411,kHya,14:23:05.7738,-27:45:14.462,-0.013498933333333336,-0.11709399999999999,4.75,3.78,3.11,PM*,K4III
412,etaCen,14:35:30.4241,-42:09:28.170,-0.0023153333333333333,-0.03272,2.31,2.41,2.59,Be*,B2Ve
413,rhoLup,14:37:53.2258,-49:25:32.979,-0.0018840000000000003,-0.028820000000000002,4.05,4.14,4.25,V*,B3/4V
414,VKULib,14:40:31.1063,-16:12:33.452,-0.007446333333333335,-0.066024,7.24,6.837,6.47,BYDra,G8Vk:
415,bCen,14:41:57.5906,-37:47:36.594,-0.001994666666666667,-0.03068,4.0,4.11,4.26,**,B3V
416,mu.Vir,14:43:03.6228,-05:39:29.532,0.006885333333333335,-0.31863,3.88,3.48,3.26,PM*,F2V
417,4Lib,14:43:13.5512,-24:59:51.911,-0.0015000000000000002,-0.008898,5.73,,5.82,Star,B9.5V
418,EHya,14:50:17.3082,-27:57:37.300,-0.015905333333333337,-0.062451,4.41,3.33,2.57,PM*,K2.5IIIbFe-1:
419,alf01Lib,14:50:41.1718,-15:59:49.957,-0.004900333333333334,-0.067871,5.16,4.78,4.59,SB*,F3V
420,alf02Lib,14:50:52.7130,-16:02:30.395,-0.007045333333333335,-0.0684,2.75,2.61,2.57,SB*,kA2hA5mA4IV-V
421,HD130992,14:51:40.4651,-24:18:14.876,-0.06297486666666668,-0.431624,7.805,7.216,6.724,PM*,K3.5V
422,16Lib,14:57:10.9988,-04:20:47.251,-0.006578866666666668,-0.153908,4.49,4.17,4.0,PM*,F2V
423,HD131977,14:57:28.0007,-21:24:55.727,0.06876480000000001,-1.723619,5.72,4.74,4.19,BYDra,K4V
424,betLup,14:58:31.9253,-43:08:02.269,-0.002385333333333334,-0.03983,2.68,2.78,2.95,PM*,B2III
425,delLib,15:00:58.3483,-08:31:08.210,-0.0042034,-0.006024,4.93,4.85,4.84,EB*,A0V
426,sigLib,15:04:04.2160,-25:16:55.060,-0.004744,-0.043340000000000004,3.21,1.6,0.33,LPV*,M2.5III
427,pi.Lup,15:05:07.2349,-47:03:03.828,-0.0016783333333333338,-0.017856,3.89,3.99,4.1,**,B5
428,kapLup,15:11:56.0732,-48:44:16.169,-0.006475066666666668,-0.048849,3.7,3.75,3.76,Be*,B9.5Vne
429,iotLib,15:12:13.2902,-19:47:30.159,-0.00236,-0.03279,4.54,4.58,4.67,SB*,B9IVpSi
430,betLib,15:17:00.4138,-09:22:58.491,-0.0065400000000000015,-0.019649999999999997,2.62,2.67,2.76,PM*,B8Vn
431,fLup,15:17:49.8380,-30:08:55.216,-0.0006773333333333334,-0.00366,4.33,3.52,2.96,V*,K0IIIaCH-1
432,HD136713,15:22:36.6949,-10:39:40.055,-0.003825733333333334,-0.203772,7.942,7.402,6.949,PM*,K2V
433,phi02Lup,15:23:09.3500,-36:51:30.552,-0.0012160000000000003,-0.02072,4.54,4.6,4.74,Star,B4V
434,HD137432,15:27:18.1304,-36:46:03.214,-0.0013195333333333337,-0.023456,5.45,5.54,5.71,SB*,B5V
435,HD137613,15:27:48.3151,-25:10:10.124,-8.100000000000003e-05,-0.008010999999999999,7.54,6.71,6.22,C*,C-Hd1Ib:
436,HD137763,15:28:09.6181,-09:20:52.759,0.004905600000000001,-0.37534500000000004,6.883,6.425,6.009,SB*,G9V
437,HD137778,15:28:12.2109,-09:21:28.304,0.005502133333333334,-0.35669799999999996,7.532,7.031,6.609,PM*,K1V
438,CD-409712,15:32:12.9323,-41:16:32.130,-0.0784298,-1.03097,9.311,8.265,6.947,PM*,M2.5V
439,37Lib,15:34:10.7024,-10:03:52.317,0.020489800000000002,-0.234595,4.62,3.85,3.33,PM*,K1III-IV
440,HD138764,15:34:26.5142,-09:11:00.380,-0.0020211333333333336,-0.025653,5.17,5.21,5.33,PulsV*,B5V
441,gamLib,15:35:31.5788,-14:47:22.327,0.004356000000000001,0.00745,3.91,3.2,2.65,**,G8.5III
442,omeLup,15:38:03.2037,-42:34:02.444,-0.00998666666666667,0.05737,4.33,3.3,2.57,PM*,K3III
443,42Lib,15:40:16.8973,-23:49:05.101,-0.0010696000000000002,-0.016111,4.96,4.0,3.32,Star,K3-IIICN2
444,kapLib,15:41:56.7924,-19:40:43.654,-0.0023504000000000003,-0.11151900000000001,4.72,3.44,2.5,PM*,M0-IIIb
445,mu.Ser,15:49:37.2069,-03:25:48.735,-0.006685333333333334,-0.02599,3.53,3.54,3.59,**,B9.5III
446,tetLib,15:53:49.5380,-16:43:45.458,0.006688666666666668,0.13502,4.16,3.44,2.92,PM*,G9IIIb
447,rhoSco,15:56:53.0762,-29:12:50.661,-0.0010453333333333332,-0.02488,3.86,3.97,4.17,SB*,B2IV-V
448,HD142709,15:57:40.7440,-42:37:27.243,-0.01713986666666667,-0.190798,8.055,7.382,6.828,PM*,K4V
449,48Lib,15:58:11.3686,-14:16:45.689,-0.0008293333333333334,-0.016730000000000002,4.87,4.91,4.96,Be*,B5IIIp_sh
450,HD142988,15:58:30.3900,-20:53:35.982,-0.0008370666666666668,-0.023149000000000003,7.26,,6.85,RotV*,A3III
451,pi.Sco,15:58:51.1132,-26:06:50.788,-0.0007613333333333335,-0.02683,2.91,3.0,3.2,EB*,B1V+B2:V:
452,delSco,16:00:20.0052,-22:37:18.143,-0.0006806666666666668,-0.03541,2.32,2.36,2.49,SB*,B0.3IV
453,HD143699,16:03:24.1894,-38:36:09.152,-0.0011733333333333337,-0.0291,4.89,4.96,5.1,Star,B5/7III/IV
454,VLMLup,16:04:44.4888,-39:26:04.779,-0.0010998000000000002,-0.026313,6.94,,6.968,RotV*alf2CVn,ApSiCr
455,bet01Sco,16:05:26.2319,-19:48:19.630,-0.0003466666666666667,-0.02404,2.62,2.6,2.69,SB*,B1V
456,HD144253,16:05:40.4801,-20:27:00.110,0.019667333333333335,-0.351096,7.393,6.784,6.261,SB*,K3V
457,omeSco,16:06:48.4269,-20:40:09.090,-0.0005986666666666667,-0.02348,3.97,3.91,3.99,PulsV*bCep,B1V
458,ome02Sco,16:07:24.3281,-20:52:07.551,0.0029873333333333345,-0.04542,4.33,3.68,3.25,PM*,G4II-III
459,HD144969,16:10:49.1477,-48:47:41.747,-0.00012173333333333336,-0.001118,8.39,7.47,6.7,BlueSG*,B1Ia
460,nu.Sco,16:11:59.7356,-19:27:38.536,-0.0005100000000000001,-0.023710000000000002,4.0,3.9,3.87,**,B2V
461,HD145792,16:13:45.4983,-24:25:19.542,-0.0005926666666666669,-0.02023,,,6.14,RotV*alf2CVn,B6IV
462,delOph,16:14:20.7385,-03:41:39.561,-0.003169333333333334,-0.14273,2.75,1.46,0.43,PM*,M0.5III
463,HD146116,16:14:38.3963,-00:23:55.500,0.0007490000000000001,-0.008303000000000001,7.68,6.83,6.2,Star,G7IIICH-2Hdel-0.5
464,epsOph,16:18:19.2897,-04:41:33.034,0.005560000000000002,0.04058,3.23,2.54,2.05,PM*,G9.5IIIbFe-0.5
465,omiSco,16:20:38.1806,-24:10:09.549,-0.00028800000000000006,-0.014150000000000001,4.57,3.69,2.93,V*,A5II
466,sigSco,16:21:11.3157,-25:35:34.051,-0.0007066666666666667,-0.016280000000000003,2.89,1.69,1.58,PulsV*bCep,O9.5(V)+B7(V)
467,HD147384,16:22:36.7286,-24:22:58.684,-0.0003228666666666667,-0.027162,8.62,3.47,3.33,Star,A0V
468,psiOph,16:24:06.1846,-20:02:14.378,-0.0013526666666666667,-0.04765,4.5,3.72,3.22,PM*,K0-II-III
469,rhoOph,16:25:35.1176,-23:26:49.815,-0.0003686666666666667,-0.02174,4.63,4.27,3.96,**,B2IV+B2V
470,chiOph,16:27:01.4349,-18:27:22.493,-0.00036066666666666674,-0.02112,4.43,3.97,3.73,Be*,B2Vne
471,alfSco,16:29:24.4597,-26:25:55.209,-0.0008073333333333334,-0.0233,0.91,-0.64,-1.87,RedSG*,M0.5Iab+B3V:
472,HD148379,16:29:42.3277,-46:14:35.630,-0.0002268666666666667,-0.0041210000000000005,5.37,4.85,4.39,Be*,B2Iab
473,iSco,16:30:12.4751,-25:06:54.804,-0.0002966666666666667,-0.02633,4.79,4.85,4.99,Star,B3V
474,phiOph,16:31:08.3673,-16:36:45.830,-0.0030233333333333336,-0.037340000000000005,4.27,3.62,3.18,PM*,G8+IIIa
475,NSco,16:31:22.9330,-34:42:15.714,-0.0008033333333333334,-0.01816,4.23,4.29,4.41,V*,B2III-IV
476,HD148704,16:31:30.0257,-39:00:44.148,-0.02863873333333334,-0.33031099999999997,7.239,6.76,6.322,SB*,K1V
477,HD148688,16:31:41.7687,-41:49:01.732,-0.00022100000000000003,-0.002173,5.39,5.05,4.7,BlueSG*,B1Iaeqp
478,omeOph,16:32:08.1998,-21:27:59.012,0.0014080000000000004,0.03526,4.45,4.32,4.3,RotV*alf2CVn,ApSrEuCr
479,HD149076,16:34:38.5739,-47:00:15.729,-0.00010086666666666667,-0.002559,7.47,6.98,6.59,Star,B9/A0Iab/b
480,tauSco,16:35:52.9528,-28:12:57.661,-0.0006593333333333334,-0.02283,2.81,2.93,3.18,Star,B0.2V
481,12Oph,16:36:21.4496,-02:19:28.513,0.030403866666666668,-0.309224,5.77,5.13,4.74,BYDra,K1V
482,zetOph,16:37:09.5390,-10:34:01.529,0.0010173333333333334,0.02479,2.56,2.46,2.5,Be*,O9.2IVnn
483,HD150168,16:41:40.2261,-49:39:05.588,-0.00010906666666666667,-0.0025369999999999998,5.68,5.64,5.6,Star,B1Iab/Ib
484,HD150689,16:44:15.0157,-38:56:37.087,-0.0013653333333333336,-0.060189,7.514,6.929,6.431,PM*,K3V
485,HD151581,16:49:44.5472,-36:24:22.261,0.0017698666666666667,-0.011241,8.174,,6.949,RotV*,G7III
486,HD151515,16:49:48.2512,-42:00:06.177,-6.226666666666668e-05,-0.003062,7.3,7.11,6.88,SB*,O7II(f)
487,epsSco,16:50:09.8108,-34:17:35.633,-0.040990000000000006,-0.25598,2.29,1.43,0.83,PM*,K1III
488,HD152003,16:52:47.3744,-41:47:08.990,-9.373333333333335e-05,-0.002132,7.08,6.72,6.35,BlueSG*,O9.7IabNwk
489,HD152147,16:53:28.6179,-42:07:17.050,-5.733333333333335e-05,-0.0019790000000000003,7.34,6.97,6.6,SB*,O9.7IbNwk
490,HD152235,16:53:58.8528,-41:59:39.577,-2.9333333333333333e-05,-0.0023279999999999998,6.38,5.84,5.42,BlueSG*,B0.5Ia
491,zet01Sco,16:53:59.7271,-42:21:43.307,-6.266666666666668e-06,-0.003368,4.79,4.32,3.86,BlueSG*,B1Ia-0ek
492,HD152270,16:54:19.6991,-41:49:11.531,-4.2600000000000005e-05,-0.002177,6.597,6.72,6.39,WR*,WC7+O5-8
493,HD152405,16:54:55.3693,-40:31:29.393,-5.493333333333333e-05,-0.0012430000000000002,7.29,7.12,6.96,SB*,O9.7II
494,HD152751,16:55:28.7575,-08:20:10.787,-0.05505600000000001,-0.87353,9.023,7.937,6.565,SB*,M3.5Ve
495,VV861Sco,16:56:35.9776,-40:49:24.443,-1.0800000000000002e-05,-0.001398,6.22,5.92,5.64,EB*,B2Iab/b
496,VRVSco,16:58:19.7477,-33:36:32.766,0.0001332,-0.006319,6.61,,5.909,deltaCep,G0Ib
497,HD153026,16:58:54.0507,-39:33:30.778,0.01811066666666667,0.22346000000000002,8.32,7.602,6.963,**,K4.5Vk:
498,CD-4411324,16:58:57.5619,-44:24:04.773,-0.00012286666666666668,-0.002839,9.38,7.2,5.5,Star,M0Ib
499,HD153919,17:03:56.7725,-37:50:38.913,0.00016093333333333336,0.005022,6.51,6.08,5.9,HMXB,O6Iafcp
500,kSco,17:04:49.3516,-34:07:22.541,8.480000000000001e-05,-0.002049,4.87,4.59,4.42,BlueSG*,B2Iab
501,HD154363,17:05:03.3944,-05:03:59.438,-0.06108953333333334,-1.138762,7.709,6.985,6.364,PM*,K4/5V
502,HD154445,17:05:32.2587,-00:53:31.437,0.00020593333333333337,-0.000533,5.61,5.39,5.34,Star,B1V
503,VBFOph,17:06:05.4979,-26:34:50.029,2.6000000000000005e-05,-0.000289,6.93,,6.377,deltaCep,G0II
504,etaOph,17:10:22.6868,-15:43:29.663,0.002675333333333334,0.09917000000000001,2.42,2.39,2.38,**,A2IV-V
505,etaSco,17:12:09.1956,-43:14:21.090,0.0016313333333333334,-0.28855000000000003,3.33,2.97,2.77,PM*,F5IV
506,HD155603,17:14:27.6550,-39:45:59.937,-5.053333333333334e-05,-0.001466,6.44,4.6,3.36,SG*,K0_0-Ia
507,HD155737,17:15:18.1833,-39:38:55.049,-4.360000000000001e-05,-0.001496,8.85,6.48,4.4,RedSG*,M1Ia
508,VV2215Oph,17:16:13.3624,-26:32:46.136,-0.031971533333333337,-1.124332,6.34,,4.8,RSCVn,K5V
509,HD156384,17:18:57.1648,-34:59:23.141,0.07531733333333333,-0.07701999999999999,5.89,4.97,4.38,**,K3V+K5V
510,41Ara,17:19:03.8375,-46:38:10.440,0.06864066666666668,0.106935,5.48,4.76,4.3,PM*,G9V
511,tetOph,17:22:00.5793,-24:59:58.366,-0.0004913333333333334,-0.023940000000000003,3.26,3.38,3.58,PulsV*bCep,OB
512,HD157038,17:22:39.2179,-37:48:16.699,-1.8200000000000002e-05,-0.000528,6.44,5.7,5.15,BlueSG*,B3Iap
513,VV636Sco,17:22:46.4815,-45:36:51.401,-0.0002020666666666667,-0.002382,6.74,,5.654,deltaCep,F7/8Ib/II
514,iotAra,17:23:16.0762,-47:28:05.505,-0.0004139333333333334,-0.017699000000000003,5.25,5.12,5.2,Be*,B1V
515,47Oph,17:26:37.8809,-05:05:11.749,-0.0061666666666666675,-0.04329,4.54,4.16,3.95,SB*,F3V
516,VV1017Sco,17:30:30.6576,-34:32:20.579,7.2666666666666685e-06,-0.010553000000000002,7.985,,6.734,RSCVn,A2V
517,VV482Sco,17:30:48.3804,-33:36:35.659,1.706666666666667e-05,-0.00284,7.91,,6.831,deltaCep,F8/G0II
518,cOph,17:31:24.9541,-23:57:45.513,0.00034933333333333344,-0.02572,4.81,4.74,4.72,Be*,A0V
519,alfAra,17:31:50.4915,-49:52:34.122,-0.0022180000000000004,-0.06722,2.95,3.05,3.29,Be*,B2Vne
520,sigAra,17:35:39.5895,-46:30:20.461,-0.0017186666666666672,-0.0383,4.59,4.6,4.65,Star,A0V
521,mu.Oph,17:37:50.7130,-08:07:07.574,-0.0007540000000000001,-0.02047,4.62,4.44,4.33,Star,B8II((Mn))
522,HD160529,17:41:59.0261,-33:30:13.704,7.000000000000001e-06,-0.000963,6.66,5.5,4.51,SG*,A2Ia
523,HD160810,17:43:25.9977,-35:17:51.585,-3.0000000000000004e-05,-0.0018700000000000001,6.96,5.2,3.92,V*,M0Ib
524,HD161056,17:43:47.0221,-07:04:46.594,-0.0003086,-0.010512,6.32,5.94,5.67,Star,B3II/III
525,VXSgr,17:47:33.6239,-27:49:50.835,-0.0003298666666666668,-0.010553000000000002,4.54,6.03,3.661,deltaCep,F7II
526,VRYSco,17:50:52.3447,-33:42:20.412,9.900000000000002e-05,-0.001388,7.51,,6.256,deltaCep,F6Ib
527,HD163296,17:56:21.2881,-21:57:21.871,-0.0005057333333333334,-0.039458,6.85,6.86,6.67,Ae*,A1Vep
528,HD163428,17:57:07.4593,-23:56:21.282,-5.666666666666668e-06,-0.002321,6.65,4.95,3.57,V*,K5Ib
529,HD163800,17:58:57.2584,-22:31:03.165,-3.6000000000000003e-06,-0.00165,7.0,6.68,6.49,Star,O7.5III((f))
530,nu.Oph,17:59:01.5919,-09:46:25.079,-0.0006320000000000001,-0.11669,3.34,2.64,2.16,PM*,G9IIIa
531,HD164402,18:01:54.3809,-22:46:49.059,3.3e-05,-0.001635,5.77,5.74,5.69,SB*,B0Iab/b
532,HD164453,18:02:19.7920,-24:52:09.453,0.0005428000000000001,0.0012360000000000001,8.162,,6.94,RotV*,G9III
533,9Sgr,18:03:52.4450,-24:21:38.632,3.593333333333334e-05,-0.002019,5.97,5.72,5.7,Em*,O4V((f))z
534,HD164816,18:03:56.8425,-24:18:45.118,0.00011233333333333336,-0.0017170000000000002,6.986,8.08,6.989,Be*,O9.5V+B0V
535,HD164865,18:04:15.2161,-24:11:00.078,-3.593333333333334e-05,-0.001841,7.63,6.74,5.91,BlueSG*,B9Ia
536,HD164906,18:04:25.8330,-24:23:08.363,0.00013893333333333337,-0.000829,7.381,7.11,6.91,Be*,B0Ve
537,gam01Sgr,18:05:01.2264,-29:34:48.322,0.0002914666666666667,-0.004588,4.69,,3.869,deltaCep,G0Ib/II
538,gam02Sgr,18:05:48.4880,-30:25:26.723,-0.0035946666666666675,-0.1809,2.99,2.26,1.75,PM*,K0+III
539,HD165516,18:07:11.3535,-21:26:38.167,3.2800000000000004e-05,-0.0013720000000000002,6.33,6.18,6.03,Star,B1/2Ib
540,VVXSgr,18:08:04.0442,-22:13:26.600,9.326666666666668e-05,-0.001066,6.52,3.9,2.11,RedSG*,M8.5Ia
541,HD165634,18:08:04.9798,-28:27:25.531,0.0016953333333333334,-0.03118,4.56,3.85,3.32,Star,G7:IIIbCN-1CH-3.5HK+1
542,HD165944,18:08:37.0218,-04:26:26.003,-0.0005069333333333335,-0.017217,8.127,,6.736,RotV*,K2III
543,HD166628,18:12:14.7002,-19:25:58.153,1.1533333333333334e-05,-0.00124,7.32,6.82,6.32,BlueSG*,B3Ia/ab
544,BD-214897,18:12:20.7023,-21:06:30.857,2.4e-05,-0.0017150000000000002,9.78,7.07,5.01,Star,M1
545,HD166348,18:12:21.3923,-43:26:41.452,0.008919533333333335,-0.417454,8.372,7.59,6.9,PM*,M0V
546,HD166734,18:12:24.6551,-10:43:53.060,-0.00012426666666666671,-0.0005679999999999999,8.42,7.33,6.47,BlueSG*,O7.5Iabf
547,12Sgr,18:13:02.4957,-23:07:02.201,5.906666666666667e-05,-0.003729,6.59,,6.057,deltaCep,F7/8Ib/II
548,HD312919,18:13:43.2256,-19:14:31.325,2.626666666666667e-05,-0.00064,9.4,7.44,5.94,Star,M1
549,mu.Sgr,18:13:45.8088,-21:03:31.794,2e-05,-0.00048,3.85,3.58,3.38,BlueSG*,B8Iab(e)
550,15Sgr,18:15:12.9063,-20:43:41.767,9.673333333333334e-05,-0.0016259999999999998,5.37,5.27,5.19,BlueSG*,O9.7Iab
551,16Sgr,18:15:12.9690,-20:23:16.691,0.0001630666666666667,-0.0020659999999999997,6.02,5.94,5.86,SB*,O9.5III
552,VV4387Sgr,18:15:30.7646,-18:39:41.655,5.0466666666666676e-05,-0.001431,6.15,5.93,5.7,RotV*alf2CVn,ApSi
553,etaSgr,18:17:37.6350,-36:45:42.066,-0.008637333333333335,-0.16626,3.11,1.55,0.23,Candidate_LP*,M2III
554,HD167971,18:18:05.8947,-12:14:33.313,1.3733333333333333e-05,-0.0019790000000000003,7.5,6.68,6.279,BlueSG*,O8Iaf(n)+O4/5
555,VFOSer,18:19:21.8140,-15:36:46.063,1.8866666666666667e-05,-0.000996,8.66,6.96,5.53,C*,C-J4+
556,etaSer,18:21:18.6005,-02:53:55.776,-0.03651666666666667,-0.7014199999999999,3.25,2.55,2.05,PM*,K0III-IV
557,VYSgr,18:21:22.9864,-18:51:36.001,-0.00020800000000000004,-0.00701,5.75,,4.81,deltaCep,F8II
558,epsSgr,18:24:10.3184,-34:23:04.619,-0.0026280000000000006,-0.1242,1.85,1.85,1.86,**,B9IVp_lB?
559,BD-145037,18:25:06.1817,-14:38:57.717,4.02e-05,-0.003213,8.41,7.03,5.92,BlueSG*,B1.5Ia
560,HD169454,18:25:15.1937,-13:58:42.309,0.0001386,-0.004652,6.71,5.82,5.13,BlueSG*,B1Ia
561,HD169754,18:26:42.6536,-11:21:24.830,-8.000000000000001e-07,-0.0014399999999999999,8.6,7.63,6.86,V*,B0.5Ia
562,VUYSct,18:27:36.5281,-12:27:58.898,-1.9200000000000003e-05,-0.002718,11.2,9.51,6.93,RedSG*,M4Iae
563,lamSgr,18:27:58.2407,-25:25:18.114,-0.0029840000000000005,-0.18566,2.81,2.06,1.5,PM*,K1IIIb
564,HD170493,18:29:52.4075,-01:49:05.170,0.011470866666666668,-0.193422,8.004,7.374,6.871,PM*,K4V
565,HD170657,18:31:18.9610,-18:54:31.729,-0.009214333333333335,-0.195466,6.81,6.324,5.897,PM*,K2V
566,VUSgr,18:31:53.3323,-19:07:30.261,-0.00011966666666666668,-0.006127,6.68,,5.413,deltaCep,G1Ib
567,HD170938,18:32:37.7939,-15:42:05.895,9.733333333333334e-06,-0.002863,7.99,7.28,6.45,BlueSG*,B1Ia
568,HD171012,18:33:10.0974,-18:22:06.189,-1.686666666666667e-05,-0.007612,6.99,6.58,6.18,BlueSG*,B0.5Ia
569,HD171094,18:33:23.0230,-14:06:27.353,-8.800000000000002e-06,-0.001098,7.85,5.79,4.15,V*,M1(III)
570,alfSct,18:35:12.4271,-08:14:38.653,-0.0012004000000000001,-0.31398899999999996,3.83,2.86,2.18,PM*,K3III
571,BD-084645,18:36:21.6587,-08:52:39.709,0.0001546666666666667,-0.01244,10.38,7.68,5.58,Star,M2
572,VRXSct,18:37:04.0865,-07:36:11.778,0.00039200000000000004,0.003026,11.0,8.64,6.88,C*,"C5,5"
573,BD-104738,18:38:30.3739,-10:00:16.683,-6e-06,-0.0008010000000000001,9.55,7.14,5.24,Star,M2
574,BD-064827,18:40:09.5285,-06:37:07.801,-4.833333333333334e-05,-0.002614,10.46,7.98,6.03,Em*,B0
575,HD172910,18:44:19.3590,-35:38:31.154,-4.533333333333334e-05,-0.02724,4.87,5.02,5.18,PulsV*,B2V
576,BD-054743,18:44:37.0521,-05:03:43.455,-7.546666666666667e-05,-0.002871,10.2,7.98,6.24,Candidate_AGB*,
577,VV350Sgr,18:45:17.4968,-20:38:50.552,-5.653333333333335e-05,-0.004229,7.45,8.41,6.421,deltaCep,F8Ib/II
578,betSct,18:47:10.4742,-04:44:52.342,-0.0005314666666666668,-0.016398,4.22,3.43,2.86,SB*,G4IIa
579,VRSct,18:47:28.9498,-05:42:18.542,-0.002960000000000001,-0.032212000000000005,5.2,4.14,3.37,PulsV*RVTau,K4/5pec
580,VYZSgr,18:49:28.5890,-16:43:22.896,3.333333333333334e-07,-0.003353,7.02,,6.207,deltaCep,G2Ib
581,VBBSgr,18:50:59.8729,-20:17:42.829,2.3533333333333337e-05,-0.005057000000000001,6.69,,5.824,deltaCep,G0Ib
582,HD174474,18:53:02.3467,-48:21:39.296,-0.0011452000000000003,-0.07777200000000001,6.168,,6.03,PM*,A2V
583,nu.02Sgr,18:55:07.1374,-22:40:16.621,0.006977533333333334,-0.028501000000000002,4.98,4.04,3.38,PM*,K3-II-III:CN1Ba1
584,ksi02Sgr,18:57:43.7990,-21:06:23.961,0.0021146666666666666,-0.01333,3.51,2.71,2.12,Star,G8/K0II/III
585,iAql,19:01:40.8270,-05:44:20.813,-0.0016273333333333337,-0.03966,4.02,3.23,2.69,V*,K1III
586,zetCrA,19:03:06.8769,-42:05:42.385,0.003760666666666668,-0.04643,4.725,,4.76,PM*,B9.5Vann
587,omiSgr,19:04:40.9820,-21:44:29.385,0.005163,-0.058460000000000005,3.77,3.05,2.52,PM*,G9IIIb
588,lamAql,19:06:14.9386,-04:52:57.225,-0.001274666666666667,-0.089427,3.43,3.46,3.55,PM*,B8.5V
589,tauSgr,19:06:56.4031,-27:40:13.496,-0.0035334,-0.25330400000000003,3.31,2.44,1.85,PM*,K1.5IIIb
590,HD178266,19:07:56.5299,-01:16:53.315,0.0010227333333333337,-0.073115,7.946,,6.742,PM*,K2III
591,HD178175,19:08:16.7018,-19:17:25.037,0.0004092,-0.0011259999999999998,5.49,5.5,5.51,Be*,B2Ve
592,pi.Sgr,19:09:45.8329,-21:01:25.010,-9.066666666666668e-05,-0.03645,2.88,2.54,2.3,**,F2II-III
593,HD180928,19:19:00.0959,-15:32:11.647,-0.005998333333333334,-0.28117000000000003,6.06,4.94,4.11,PM*,K4III
594,VV1942Sgr,19:19:09.5936,-15:54:30.030,0.0006236000000000001,-0.005025000000000001,6.86,5.05,3.67,C*,C-N5+
595,rho01Sgr,19:21:40.3594,-17:50:49.916,-0.001724666666666667,0.02146,3.93,3.74,3.64,PulsV*delSct,A9IV
596,upsSgr,19:21:43.6225,-15:57:18.062,5.1866666666666676e-05,-0.005855000000000001,4.61,4.34,4.21,Be*,B2Vp_sh
597,HD182040,19:23:10.0773,-10:42:11.536,0.00046220000000000007,0.0023769999999999998,7.05,6.25,5.8,Pec*,C-Hd2II:
598,VUAql,19:29:21.3602,-07:02:38.709,-6.6e-05,-0.00914,6.61,,5.27,deltaCep,F5I/II+B9.8V
599,HD184189,19:34:46.3966,-38:05:15.934,-0.00023653333333333338,-0.00967,9.315,,6.69,EB*,M2III
600,iotAql,19:36:43.2777,-01:17:11.758,-9.506666666666668e-05,-0.021644,4.36,4.34,4.42,Star,B5III
601,kapAql,19:36:53.4495,-07:01:38.917,0.00010866666666666667,-0.00265,4.96,4.9,4.94,Star,B0.5IIIn
602,HD185510,19:39:38.8187,-06:03:49.460,0.0016571333333333337,-0.027866000000000002,8.235,,6.967,RSCVn,K0III+sdB
603,HD188088,19:54:17.7449,-23:56:27.859,-0.008277800000000002,-0.410681,6.213,5.58,5.09,BYDra,K3VaCN1
604,cSgr,20:02:39.4809,-27:42:35.444,0.0021980000000000003,0.014,4.58,2.71,1.15,LPV*,M4.5III
605,tetAql,20:11:18.2852,-00:49:17.262,0.0023506666666666667,0.00571,3.22,3.29,3.33,SB*,B9.5III
606,HD191849,20:13:53.3962,-45:09:50.470,0.051888733333333346,-0.159939,7.966,7.053,6.124,PM*,M0V
607,HD192263,20:13:59.8455,-00:52:00.769,-0.004182000000000001,0.260819,7.767,7.231,6.771,BYDra,K1/2V
608,alf01Cap,20:17:38.8691,-12:30:29.563,0.001447266666666667,0.0016430000000000001,4.27,3.49,2.94,**,G3Ib
609,alf02Cap,20:18:03.2559,-12:32:41.468,0.004175333333333334,0.00266,3.58,2.91,2.42,PM*,G9III
610,nu.Cap,20:20:39.8156,-12:45:32.684,0.0009826666666666668,-0.014320000000000001,4.76,4.75,4.81,Star,B9IV
611,bet01Cap,20:21:00.6665,-14:46:53.067,0.0029422000000000007,0.00035999999999999997,3.08,2.53,2.03,SB*,G9II:+B8p:Si:
612,HD194188,20:26:04.7714,-46:39:36.026,0.001609866666666667,-0.021255,6.72,,6.46,Star,A9III/IV
613,lAql,20:38:20.2844,-01:06:18.422,0.0012510666666666666,-0.019646999999999998,4.33,3.66,3.2,SB*,G7.5IIIa
614,HD197214,20:43:15.9995,-29:25:26.058,-0.0028718000000000003,-0.20189,6.96,6.583,6.229,SB*,G6V
615,VAUMic,20:45:09.5324,-31:20:27.237,0.018754600000000007,-0.360148,8.627,9.078,6.593,low-mass*,M1VeBa1
616,HD197593,20:45:14.9788,-15:47:53.717,0.005009933333333333,0.006397000000000001,6.96,,6.56,**,F2/3IV/V
617,epsAqr,20:47:40.5526,-09:29:44.787,0.0022653333333333336,-0.03477,3.77,3.7,3.7,Star,B9.5V
618,kAqr,20:47:44.2389,-05:01:39.721,0.00011200000000000001,-0.040060000000000005,4.44,2.97,1.66,LPV*,M3III
619,omeCap,20:51:49.2905,-26:55:08.885,-0.0006010666666666668,-0.002048,4.12,2.87,1.93,V*,M0IIIBa0.5
620,VDVAqr,20:58:41.8398,-14:28:59.250,-0.003651466666666667,-0.018603,5.963,,6.01,EB*,A9V
621,etaCap,21:04:24.3013,-19:51:17.971,-0.0025080000000000002,-0.02495,4.84,4.68,4.61,**,A5V
622,tetCap,21:05:56.8278,-17:13:58.302,0.005288666666666668,-0.06201,4.07,4.06,4.08,PM*,A1V
623,24Cap,21:07:07.6673,-25:00:21.079,-0.0018726666666666672,-0.04414,4.5,3.22,2.24,PM*,M1-III
624,HD200968,21:07:10.3810,-13:55:22.547,0.025523333333333335,-0.046700000000000005,7.09,6.581,6.101,**,K1V
625,nu.Aqr,21:09:35.6488,-11:22:18.085,0.006274666666666668,-0.01462,4.52,3.83,3.37,PM*,K0III
626,VBNMic,21:14:52.7023,-31:11:01.259,-0.003600800000000001,-0.050586,7.76,,6.662,RSCVn,K1IIIp
627,tet01Mic,21:20:45.6194,-40:48:34.620,0.0053348000000000015,0.02488,4.82,4.73,4.69,RotV*alf2CVn,ApCrEuSr
628,zetCap,21:26:40.0263,-22:24:40.804,-0.00014866666666666668,0.0181,3.74,3.09,2.65,SB*,G4Ib:Ba2
629,HD203985,21:27:01.3195,-44:48:30.973,0.016851533333333335,0.188879,7.47,7.01,6.59,PM*,K2III-IV
630,bCap,21:28:43.4007,-21:48:25.847,0.008990733333333334,-0.005498,4.5,3.83,3.37,PM*,G7IIIbFe-1
631,betAqr,21:31:33.5317,-05:34:16.232,0.0012513333333333335,-0.00821,2.89,2.29,1.84,Star,G0Ib
632,HD204961,21:33:33.9751,-49:00:32.399,-0.0030611333333333338,-0.816875,8.672,7.665,6.479,PM*,M2/3V
633,VASCap,21:34:16.5711,-13:29:01.488,0.0011177333333333335,0.002149,7.69,,6.658,RSCVn,K0IIIp
634,epsCap,21:37:04.8306,-19:27:57.646,0.0008526666666666667,0.00028000000000000003,4.55,4.6,4.74,Be*,B3V
635,HD205674,21:37:21.1116,-18:26:28.243,0.0037070666666666674,-0.10484,7.17,,6.73,PM*,F3/5IV
636,ksiAqr,21:37:45.1093,-07:51:15.129,0.007613333333333334,-0.02503,4.69,4.52,4.42,SB*,K0III
637,gamCap,21:40:05.4564,-16:39:44.307,0.012504000000000003,-0.02245,3.67,3.47,3.34,RotV*alf2CVn,kF0hF1VmF2
638,HD206766,21:44:23.8642,-04:43:51.220,-0.0015710000000000003,-0.0037040000000000003,6.67,,6.58,Star,A0V
639,iotPsA,21:44:56.8094,-33:01:32.818,0.0020733333333333337,-0.09456,4.34,4.35,4.38,PM*,A0V
640,delCap,21:47:02.4442,-16:07:38.233,0.01744666666666667,-0.2967,2.83,2.59,2.43,EB*,kA5hF0mF2III
641,HD207204,21:47:24.8115,-04:36:31.126,0.0024295333333333334,-0.011611000000000002,6.84,,6.77,Star,A0V
642,HD207235,21:47:38.2387,-05:55:00.508,0.004358200000000001,0.018983,6.168,,5.91,PM*,A5V
643,gamGru,21:53:55.7261,-37:21:53.478,0.006538000000000001,-0.01322,3.01,3.06,3.12,PM*,B8IV-Vs
644,omiAqr,22:03:18.8440,-02:09:19.306,0.0016440000000000003,-0.01116,4.69,4.7,4.74,Be*,B5V
645,alfAqr,22:05:47.0359,-00:19:11.456,0.0012166666666666667,-0.00939,2.94,2.27,1.76,Star,G2Ib
646,iotAqr,22:06:26.2274,-13:52:10.861,0.002459333333333334,-0.05899,4.27,4.32,4.41,SB*,B8V
647,HD209970,22:07:44.2980,-28:08:51.381,-0.0004564000000000001,9.3e-05,7.13,,6.75,Star,Fm_dD
648,alfGru,22:08:13.9847,-46:57:39.507,0.008446,-0.14747,1.71,1.75,1.83,PM*,B6V
649,mu.PsA,22:08:23.0113,-32:59:18.491,0.004950400000000001,-0.02579,4.5,4.43,4.38,PM*,A1.5IVn
650,VKPAqr,22:09:44.9423,-13:53:29.897,0.0007130000000000001,-0.023604,8.077,,6.026,Candidate_LP*,M1/2III
651,tetAqr,22:16:50.0366,-07:46:59.839,0.007928600000000001,-0.021928,4.16,3.46,2.98,PM*,G9II
652,pi.01Gru,22:22:44.2083,-45:56:52.791,0.0020737333333333335,-0.010338,6.55,3.19,0.52,S*,"S5,7:"
653,HD212672,22:26:06.8152,-05:10:40.430,0.0016281333333333335,-0.007062000000000001,7.28,,6.96,Star,F0/2IV/V
654,54Aqr,22:26:41.6665,-11:13:41.522,0.0023403333333333336,-0.012037,6.98,,6.68,Star,A3III/IV
655,zet02Aqr,22:28:49.8888,-00:01:11.872,0.012055466666666667,0.033072000000000004,4.34,3.27,3.04,**,F2IV/V
656,HD213042,22:29:15.2363,-30:01:06.263,0.014719733333333335,-0.8123020000000001,7.645,7.022,6.513,PM*,K4V
657,del01Gru,22:29:16.1748,-43:29:44.024,0.0017146666666666669,-0.00332,3.97,3.22,2.71,Star,G6/8III
658,del02Gru,22:29:45.4340,-43:44:57.196,-0.0009386666666666666,0.00257,4.11,2.38,0.79,Candidate_LP*,M4.5IIIa
659,sigAqr,22:30:38.8214,-10:40:40.505,-0.000273,-0.038019,4.81,4.81,4.85,Star,A0IVs
660,betPsA,22:31:30.3303,-32:20:45.865,0.003941333333333334,-0.01883,4.29,4.27,4.25,PM*,A1Va
661,etaAqr,22:35:21.3812,-00:07:02.988,0.005982666666666667,-0.055810000000000005,4.03,4.06,4.13,PM*,B8/9V
662,VFKAqr,22:38:45.5746,-20:37:16.087,0.029947133333333334,-0.079046,9.083,8.073,6.876,SB*,M0Vep
663,HD214749,22:40:43.3840,-29:40:28.124,0.02536626666666667,-0.016944,7.841,7.156,6.58,PM*,K4.5Vk
664,betGru,22:42:40.0502,-46:53:04.475,0.009010666666666669,-0.00438,2.11,0.2,-1.57,Candidate_LP*,M4.5III
665,tau01Aqr,22:47:42.7694,-14:03:23.141,0.002027533333333334,-0.009053,5.681,,5.67,Star,B9V
666,tauAqr,22:49:35.5015,-13:35:33.476,-0.0009140000000000003,-0.03903,3.98,2.79,1.84,Star,M0III
667,lamAqr,22:52:36.8740,-07:34:46.548,0.0009976000000000002,0.032742,3.79,2.37,1.18,LPV*,M2.5IIIFe-0.5
668,delAqr,22:54:39.0062,-15:49:14.950,-0.0022768000000000003,-0.026359000000000004,3.28,3.21,3.17,PM*,A3Vp
669,alfPsA,22:57:39.0462,-29:37:20.053,0.02193,-0.16466999999999998,1.16,1.11,1.09,**,A4V
670,HD217357,23:00:16.1221,-22:31:27.649,-0.06013820000000002,0.058045000000000006,7.869,7.014,6.238,PM*,K7+Vk
671,HD217343,23:00:19.2868,-26:09:13.504,0.007285666666666667,-0.161141,7.48,,6.75,PM*,G5V
672,HD217580,23:01:51.5363,-03:50:55.402,0.026850266666666674,-0.213667,7.464,6.934,6.482,SB*,K3V
673,c02Aqr,23:09:26.7960,-21:10:20.694,0.003563466666666667,0.030201000000000002,3.64,2.8,2.2,PM*,K1.5III
674,phiAqr,23:14:19.3582,-06:02:56.423,0.002438333333333334,-0.195441,4.22,2.94,1.86,SB*,M1.5III
675,HD219402,23:15:34.2574,-03:29:46.962,-0.0008604000000000002,-0.002299,5.55,,5.49,Star,A2V
676,psi01Aqr,23:15:53.4940,-09:05:15.844,0.0246318,-0.016981000000000003,4.25,3.46,2.9,PM*,K1-IIIFe-0.5
677,psi02Aqr,23:17:54.2137,-09:10:57.067,0.0011420000000000002,-0.0117,4.4,4.47,4.6,Be*,B5V
678,b01Aqr,23:22:58.2260,-20:06:02.096,-0.008085333333333335,-0.09759000000000001,3.98,3.16,2.56,PM*,K1III
679,HD220339,23:23:04.8953,-10:45:51.277,0.03014613333333334,0.26031099999999996,7.796,7.288,6.834,PM*,K2V
680,b02Aqr,23:26:02.7856,-20:38:31.263,-0.003381333333333334,-0.06422,4.39,3.27,2.46,PM*,K4.5III
681,betScl,23:32:58.2589,-37:49:05.757,0.006398000000000001,0.03829,4.37,4.37,4.44,PM*,B9.5IIIpHgMnSi
682,iotPhe,23:35:04.5603,-42:36:54.503,0.003138133333333334,0.008543,4.71,4.59,4.52,RotV*alf2CVn,ApSrCrEu
683,HD222095,23:37:50.9941,-45:29:32.467,0.004714,-0.012660000000000001,4.74,4.63,4.58,PM*,A1/2V
684,HD222335,23:39:51.3061,-32:44:36.264,0.008918200000000001,-0.30468,7.191,6.745,6.34,PM*,G9.5V
685,104Aqr,23:41:45.8063,-17:48:59.515,0.0009554666666666669,0.000679,4.83,4.22,3.8,Star,G2Ib/II
686,delScl,23:48:55.5465,-28:07:48.974,0.00672,-0.10534,4.57,4.53,4.55,PM*,A0VankB9((_lB))
687,HD223408,23:49:19.5259,-27:51:15.324,-0.0049950666666666674,-0.051261,6.96,,6.37,PM*,F6V
